video_label,video_id,title,channel_name,comment_id,text,parent_id,author,author_channel_id,likes,timestamp,negative,neutral,positive,compound,anger_score,disgust_score,fear_score,joy_score,neutral_score,sadness_score,surprise_score,emotion,sentiment_class,optimism_score,detected_language,translated_text,emotion_polarity,majority_emotion_polarity,emotionally_oppositional,emotionally_opposed_to_parent
Video 1,rzIVd35dGZ4,Terror and Tragedy: IDF releases shocking unseen footage of ‚ÄòOctober 07‚Äô attack | Israel vs Hamas,ANI News,UgzUeyxWQV2TlIvJcgx4AaABAg.A9Inx9ddziEA9JLnLK4Wui,‚Äã@Titus9508  Came from the Greeks mate,UgzUeyxWQV2TlIvJcgx4AaABAg,user 4,UC2lhwPBh2i-1mqMqo3q09iQ,5,2024-10-20,0.0,1.0,0.0,0.0,0.196094811,0.013730712,0.003744781,0.235464469,0.91512555,0.094934553,0.03356779,neutral,neutral,0.47350612,en,‚Äã@Titus9508  Came from the Greeks mate,neutral,neutral,False,False
Video 2,Ulg-96K3qMc,Hamas's October 7 Attack: A Minute-by-Minute Breakdown,The Military Show,UgyzSaUCAfIUDkdldT94AaABAg.AFGr3klNIJjAFPCZOVSP8g,You don't even know what the hannibal directive even means. Din't make stuff up.,UgyzSaUCAfIUDkdldT94AaABAg,user 30,UC8PhXy1UKJ1LNg4nUH7HLRg,0,2025-03-09,0.0,1.0,0.0,0.0,0.045608845,0.5567853,0.012461138,0.911003709,0.11752012,0.028676713,0.00939052,disgust,neutral,0.014710673,en,You don't even know what the hannibal directive even means. Din't make stuff up.,negative,neutral,True,False
Video 2,Ulg-96K3qMc,Hamas's October 7 Attack: A Minute-by-Minute Breakdown,The Military Show,UgyxcW5UmPnRDjjO3SJ4AaABAg.AFANvcEtZQgAFAoeX4yxRe,Derranged people indeed.,UgyxcW5UmPnRDjjO3SJ4AaABAg,user 30,UC8PhXy1UKJ1LNg4nUH7HLRg,1,2025-03-06,0.0,1.0,0.0,0.0,0.016167568,0.50984615,0.09765391,0.955990374,0.097588666,0.020773601,0.0137718,disgust,neutral,0.007068459,nl,Derranged people indeed.,negative,neutral,True,True
Video 2,Ulg-96K3qMc,Hamas's October 7 Attack: A Minute-by-Minute Breakdown,The Military Show,Ugx9XlLnzoMORcWE8Bh4AaABAg.AF5z0339UolAFAowYPv3Pi,"And how will commiting such atrocities will bring ""your land"" back?",Ugx9XlLnzoMORcWE8Bh4AaABAg,user 30,UC8PhXy1UKJ1LNg4nUH7HLRg,1,2025-03-06,0.0,1.0,0.0,0.0,0.039450485,0.29279438,0.028629694,0.906454742,0.49984652,0.046977941,0.049095895,neutral,neutral,0.007116833,en,"And how will commiting such atrocities will bring ""your land"" back?",neutral,neutral,False,False
Video 2,Ulg-96K3qMc,Hamas's October 7 Attack: A Minute-by-Minute Breakdown,The Military Show,Ugy7_FulfxNqaK9kf6Z4AaABAg.AD_-EJwf86nAD_jU-xt7rO,Don‚Äôt change the fact that Hamas is barbaric,Ugy7_FulfxNqaK9kf6Z4AaABAg,user 55,UCxHWTaDQGpRD_yNm_5OeDKQ,1,2025-02-20,0.0,1.0,0.0,0.0,0.070313543,0.7901539,0.04210209,0.889395356,0.01730539,0.032799866,0.002472396,disgust,neutral,0.007491252,en,Don‚Äôt change the fact that Hamas is barbaric,negative,neutral,True,False
Video 2,Ulg-96K3qMc,Hamas's October 7 Attack: A Minute-by-Minute Breakdown,The Military Show,Ugy7_FulfxNqaK9kf6Z4AaABAg.AD_-EJwf86nADeOsXz3_OD,"People forget that Yom Kippur was on this day, half of the IDF was off-duty, meaning half of Mossad was too.",Ugy7_FulfxNqaK9kf6Z4AaABAg,user 56,UCkM2BDng1MCygBssIlAEPZg,1,2025-02-20,0.087,0.913,0.0,-0.2263,0.255871415,0.22026253,0.06633919,0.221977115,0.59146,0.385101557,0.018220691,neutral,negative,0.1370499,en,"People forget that Yom Kippur was on this day, half of the IDF was off-duty, meaning half of Mossad was too.",neutral,neutral,False,True
Video 2,Ulg-96K3qMc,Hamas's October 7 Attack: A Minute-by-Minute Breakdown,The Military Show,Ugw1fojryT2ht7XkD-p4AaABAg.ADXqi7ZQESgADeOzctwAxp,"And they knew it was going to happen on October 7th why?
If it's years, its a matter of ""when"", and that's what they didn't know.",Ugw1fojryT2ht7XkD-p4AaABAg,user 56,UCkM2BDng1MCygBssIlAEPZg,0,2025-02-20,0.0,0.958,0.042,0.0258,0.146810517,0.009556623,0.009726245,0.585886121,0.22305107,0.238518059,0.7005555,surprise,neutral,0.028785346,en,"And they knew it was going to happen on October 7th why?
If it's years, its a matter of ""when"", and that's what they didn't know.",neutral,neutral,False,True
Video 2,Ulg-96K3qMc,Hamas's October 7 Attack: A Minute-by-Minute Breakdown,The Military Show,Ugx5Fc5x1GOWd829dzF4AaABAg.ADUHSYoZuxmADeP7mX7e-h,"¬†@riandisk3103¬† River to the Sea is just from the Jordan River to Mediterranean. It's not a Palestinian meaning, as it's geographical.",Ugx5Fc5x1GOWd829dzF4AaABAg,user 56,UCkM2BDng1MCygBssIlAEPZg,1,2025-02-20,0.0,1.0,0.0,0.0,0.327561378,0.027704798,0.019701898,0.141796902,0.8904403,0.170975894,0.02303662,neutral,neutral,0.35966587,en,"¬†@riandisk3103¬† River to the Sea is just from the Jordan River to Mediterranean. It's not a Palestinian meaning, as it's geographical.",neutral,neutral,False,True
Video 2,Ulg-96K3qMc,Hamas's October 7 Attack: A Minute-by-Minute Breakdown,The Military Show,Ugz6D8Cc1piIaLJNQ8N4AaABAg.ADTsMHHJWwKADePHwo-iGm,"The IDF was off-duty... literally 70-80% were off-duty. This is why military bases were mostly desert.
It was the most important Jewish Holiday, Yom Kippur.",Ugz6D8Cc1piIaLJNQ8N4AaABAg,user 56,UCkM2BDng1MCygBssIlAEPZg,0,2025-02-20,0.0,0.82,0.18,0.6195,0.235702887,0.059181668,0.010558824,0.217304617,0.77542704,0.334132463,0.0896024,neutral,positive,0.21286005,en,"The IDF was off-duty... literally 70-80% were off-duty. This is why military bases were mostly desert.
It was the most important Jewish Holiday, Yom Kippur.",neutral,neutral,False,False
Video 2,Ulg-96K3qMc,Hamas's October 7 Attack: A Minute-by-Minute Breakdown,The Military Show,UgyE5FAmttyZhQ3Oi7x4AaABAg.ADQKCivutHcADePMzUug7T,Then don't comment it on a international tragedy that is about October 7th? Grow a mind please.,UgyE5FAmttyZhQ3Oi7x4AaABAg,user 56,UCkM2BDng1MCygBssIlAEPZg,0,2025-02-20,0.203,0.691,0.106,-0.4767,0.067775019,0.08641515,0.1976678,0.317614973,0.4641383,0.606680095,0.048646923,neutral,negative,0.007929941,en,Then don't comment it on a international tragedy that is about October 7th? Grow a mind please.,neutral,neutral,False,False
Video 2,Ulg-96K3qMc,Hamas's October 7 Attack: A Minute-by-Minute Breakdown,The Military Show,UgztYKHiy-PbriWnIrR4AaABAg.ADOX0GkPcYgADePaDGdS4n,"¬†@Cuzzo317¬† Your little Arab media likes to mistranslate Hebrew.
They translated a Hebrew Children's song ""Yemey HaChanukah"" and turned it militaristic.

Anyway, October 7th is very much proven not to be done by Israel.. lol? It's the dumbest conspiracy.",UgztYKHiy-PbriWnIrR4AaABAg,user 56,UCkM2BDng1MCygBssIlAEPZg,0,2025-02-20,0.146,0.739,0.116,-0.3321,0.019007875,0.6316128,0.003550994,0.925722361,0.030718863,0.030910995,0.007011166,disgust,negative,0.024358775,en,"¬†@Cuzzo317¬† Your little Arab media likes to mistranslate Hebrew.
They translated a Hebrew Children's song ""Yemey HaChanukah"" and turned it militaristic.

Anyway, October 7th is very much proven not to be done by Israel.. lol? It's the dumbest conspiracy.",negative,neutral,True,False
Video 2,Ulg-96K3qMc,Hamas's October 7 Attack: A Minute-by-Minute Breakdown,The Military Show,UgwKXvrbWKr0KE14_mp4AaABAg.ADMsSOX4e2tADePlGvAxGm,"It wasn't the most protected at all, at most there was about 5 Merkava tanks there with a few observation bases and a wire/concrete fence surrounding Gaza.
And it was Yom Kippur, meaning there was 70-80% less people on the border.
Calling something an Inside Job without even knowing what Yom Kippur is... is :/",UgwKXvrbWKr0KE14_mp4AaABAg,user 56,UCkM2BDng1MCygBssIlAEPZg,0,2025-02-20,0.087,0.913,0.0,-0.6153,0.0279571,0.11528076,0.012165951,0.496269852,0.760558,0.463111341,0.07337693,neutral,negative,0.012661688,en,"It wasn't the most protected at all, at most there was about 5 Merkava tanks there with a few observation bases and a wire/concrete fence surrounding Gaza.
And it was Yom Kippur, meaning there was 70-80% less people on the border.
Calling something an Inside Job without even knowing what Yom Kippur is... is :/",neutral,neutral,False,False
Video 2,Ulg-96K3qMc,Hamas's October 7 Attack: A Minute-by-Minute Breakdown,The Military Show,UgyN40KZYFCOsBzHyup4AaABAg.ADLywmK5YCfADeQ0ESu6R8,"It's hostage negotiation.
The whole reason for October 7th was so Hamas could deal harm to Israel within its own territory and to demoralise civilians, and to gain hostages, so they can negotiate for peace if anything goes wrong with it.
Hamas finally agreed to return the Hostages, which was the Main goal of the Gaza war.
Hamas returned 3 hostages, and in return, Israel returned 90 PoW's.",UgyN40KZYFCOsBzHyup4AaABAg,user 56,UCkM2BDng1MCygBssIlAEPZg,0,2025-02-20,0.129,0.761,0.11,-0.3612,0.147192523,0.038056392,0.003140021,0.797496796,0.5766501,0.040136382,0.01045053,neutral,negative,0.015174324,en,"It's hostage negotiation.
The whole reason for October 7th was so Hamas could deal harm to Israel within its own territory and to demoralise civilians, and to gain hostages, so they can negotiate for peace if anything goes wrong with it.
Hamas finally agreed to return the Hostages, which was the Main goal of the Gaza war.
Hamas returned 3 hostages, and in return, Israel returned 90 PoW's.",neutral,neutral,False,True
Video 2,Ulg-96K3qMc,Hamas's October 7 Attack: A Minute-by-Minute Breakdown,The Military Show,UgwIVdyx2up7sDgyAbF4AaABAg.ADKw0-IVSrFADeQ5lDpIEO,Gaza war was Yom Kippur War 2,UgwIVdyx2up7sDgyAbF4AaABAg,user 56,UCkM2BDng1MCygBssIlAEPZg,0,2025-02-20,0.609,0.391,0.0,-0.8316,0.162497938,0.0644175,0.61488813,0.405472338,0.029294552,0.065311186,0.007764275,fear,negative,0.36671853,en,Gaza war was Yom Kippur War 2,negative,neutral,True,False
Video 2,Ulg-96K3qMc,Hamas's October 7 Attack: A Minute-by-Minute Breakdown,The Military Show,UgzM6Sz9zSf3OT-ywj54AaABAg.ADK7pkckE1GADeQQMujXvU,"¬†@obscurist2468¬† We really are, that's why we have one of the most beautiful cities, whilst Dubai, Riyadh and Cairo barely passes Worker Rights.",UgzM6Sz9zSf3OT-ywj54AaABAg,user 56,UCkM2BDng1MCygBssIlAEPZg,0,2025-02-20,0.0,0.834,0.166,0.6361,0.288442969,0.006345134,0.002047197,0.055665892,0.46174407,0.046868663,0.4902233,surprise,positive,0.60902244,en,"¬†@obscurist2468¬† We really are, that's why we have one of the most beautiful cities, whilst Dubai, Riyadh and Cairo barely passes Worker Rights.",neutral,neutral,False,True
Video 2,Ulg-96K3qMc,Hamas's October 7 Attack: A Minute-by-Minute Breakdown,The Military Show,UgxD8rd5R5Er7o3lzD14AaABAg.ADK1Ei8BchGADeQXgthHRh,"Hamas wasn't telling them.
Also read a thing or two about Yom Kippur, and when it takes place.",UgxD8rd5R5Er7o3lzD14AaABAg,user 56,UCkM2BDng1MCygBssIlAEPZg,0,2025-02-20,0.0,1.0,0.0,0.0,0.459015042,0.08576277,0.003745387,0.358129531,0.8596737,0.116815925,0.019168261,neutral,neutral,0.0660395,en,"Hamas wasn't telling them.
Also read a thing or two about Yom Kippur, and when it takes place.",neutral,neutral,False,False
Video 2,Ulg-96K3qMc,Hamas's October 7 Attack: A Minute-by-Minute Breakdown,The Military Show,UgxQGgbpQpBSe1DLVKZ4AaABAg.ADK0X2riIh2ADeQdji4IX1,"Israel already had probable cause to destroy Gaza due to prior rocket attacks.
Again, read about Yom Kippur.",UgxQGgbpQpBSe1DLVKZ4AaABAg,user 56,UCkM2BDng1MCygBssIlAEPZg,1,2025-02-20,0.286,0.714,0.0,-0.7506,0.099821396,0.08295363,0.5715752,0.845317423,0.0726256,0.041727666,0.00308942,fear,negative,0.013133487,en,"Israel already had probable cause to destroy Gaza due to prior rocket attacks.
Again, read about Yom Kippur.",negative,neutral,True,False
Video 2,Ulg-96K3qMc,Hamas's October 7 Attack: A Minute-by-Minute Breakdown,The Military Show,Ugytp1WHhEd2f12CHP94AaABAg.AD8S5XyimptADeQmYX6ArW,"@ahmedhasan4966 That would be the Arab invasion of Israel, which caused Nakba.",Ugytp1WHhEd2f12CHP94AaABAg,user 56,UCkM2BDng1MCygBssIlAEPZg,1,2025-02-20,0.0,1.0,0.0,0.0,0.044421509,0.0717629,0.5101348,0.87267983,0.167117,0.072980665,0.025198767,fear,neutral,0.009918056,en,"@ahmedhasan4966 That would be the Arab invasion of Israel, which caused Nakba.",negative,neutral,True,False
Video 2,Ulg-96K3qMc,Hamas's October 7 Attack: A Minute-by-Minute Breakdown,The Military Show,Ugzu49vM0CzVNu0yG-94AaABAg.AD-zAsESLQdADeRCszpIf-,Fun fact: Palestinians originate from the Philistinians.. who come from Crete... Greece.,Ugzu49vM0CzVNu0yG-94AaABAg,user 56,UCkM2BDng1MCygBssIlAEPZg,1,2025-02-20,0.0,0.769,0.231,0.5106,0.092293054,0.009409782,0.004794329,0.028640026,0.8297474,0.035444029,0.10117185,neutral,positive,0.8436228,en,Fun fact: Palestinians originate from the Philistinians.. who come from Crete... Greece.,neutral,neutral,False,False
Video 2,Ulg-96K3qMc,Hamas's October 7 Attack: A Minute-by-Minute Breakdown,The Military Show,Ugzu49vM0CzVNu0yG-94AaABAg.AD-zAsESLQdADeeaOHJjpm,@ It's called Israel,Ugzu49vM0CzVNu0yG-94AaABAg,user 56,UCkM2BDng1MCygBssIlAEPZg,1,2025-02-20,0.0,1.0,0.0,0.0,0.185490787,0.001787389,0.02360139,0.389463514,0.43630442,0.123005405,0.41023582,neutral,neutral,0.3020403,en,@ It's called Israel,neutral,neutral,False,False
Video 2,Ulg-96K3qMc,Hamas's October 7 Attack: A Minute-by-Minute Breakdown,The Military Show,Ugzu49vM0CzVNu0yG-94AaABAg.AD-zAsESLQdADi5_ybekjW,¬†@fandihaekal¬† No I don't remember that,Ugzu49vM0CzVNu0yG-94AaABAg,user 56,UCkM2BDng1MCygBssIlAEPZg,0,2025-02-20,0.355,0.645,0.0,-0.296,0.026037997,0.09014773,0.033072207,0.099932924,0.41258237,0.817602813,0.4067789,neutral,negative,0.056426283,en,¬†@fandihaekal¬† No I don't remember that,neutral,neutral,False,False
Video 2,Ulg-96K3qMc,Hamas's October 7 Attack: A Minute-by-Minute Breakdown,The Military Show,UgzJ1M2eI5UEfsbGw0Z4AaABAg.ACwMVwpeH1XADeRFCyOwvk,Grow up,UgzJ1M2eI5UEfsbGw0Z4AaABAg,user 56,UCkM2BDng1MCygBssIlAEPZg,0,2025-02-20,0.0,1.0,0.0,0.0,0.769416273,0.08316407,0.009729845,0.095459729,0.039259605,0.047408577,0.003655704,anger,neutral,0.08771535,pl,Grow up,negative,neutral,True,False
Video 2,Ulg-96K3qMc,Hamas's October 7 Attack: A Minute-by-Minute Breakdown,The Military Show,UgzJ1M2eI5UEfsbGw0Z4AaABAg.ACwMVwpeH1XADgZs6XZ6lD,¬†@budselectgoesoff¬† Know quite alot of English then,UgzJ1M2eI5UEfsbGw0Z4AaABAg,user 56,UCkM2BDng1MCygBssIlAEPZg,0,2025-02-20,0.0,1.0,0.0,0.0,0.128426775,0.0071752,0.005169392,0.127579227,0.88923526,0.07030201,0.06863592,neutral,neutral,0.673692,en,¬†@budselectgoesoff¬† Know quite alot of English then,neutral,neutral,False,True
Video 2,Ulg-96K3qMc,Hamas's October 7 Attack: A Minute-by-Minute Breakdown,The Military Show,UgylvCydZuWd0BsCemh4AaABAg.ACdfk2GpMRmACgSGtADltq,Kinda sounds like how hamas don't care about gaza,UgylvCydZuWd0BsCemh4AaABAg,user 30,UC8PhXy1UKJ1LNg4nUH7HLRg,1,2025-01-20,0.222,0.591,0.187,-0.1043,0.019346364,0.5205466,0.004441277,0.838256598,0.26299164,0.109525144,0.040352795,disgust,negative,0.032871943,en,Kinda sounds like how hamas don't care about gaza,negative,neutral,True,True
Video 2,Ulg-96K3qMc,Hamas's October 7 Attack: A Minute-by-Minute Breakdown,The Military Show,UgxXWyyEh0EwIwS32v54AaABAg.ACd2vjWUCTxACgSKdgnhvd,Did you just justified the holocaust?,UgxXWyyEh0EwIwS32v54AaABAg,user 30,UC8PhXy1UKJ1LNg4nUH7HLRg,1,2025-01-20,0.0,0.649,0.351,0.4019,0.031300738,0.1279807,0.03025432,0.905673802,0.15247682,0.043110512,0.4691339,surprise,positive,0.019915013,en,Did you just justified the holocaust?,neutral,neutral,False,False
Video 2,Ulg-96K3qMc,Hamas's October 7 Attack: A Minute-by-Minute Breakdown,The Military Show,UgxwIE5rjzafbqgN5Eh4AaABAg.ACXFTOw9pKNACgSlwKXWUK,"Sure mate, a prison with hospitals, markets, schools, universities,  factories, resorts, tourism, active trading (even with israel till not so long ago), a beach, a port, and plenty of art◊ïllery. Or at least that's how it used to be till they blew it with their reckless temper tantrums.",UgxwIE5rjzafbqgN5Eh4AaABAg,user 30,UC8PhXy1UKJ1LNg4nUH7HLRg,0,2025-01-20,0.194,0.72,0.086,-0.743,0.095457941,0.09461287,0.004232402,0.773568213,0.5564237,0.022348506,0.014807466,neutral,negative,0.10862531,en,"Sure mate, a prison with hospitals, markets, schools, universities,  factories, resorts, tourism, active trading (even with israel till not so long ago), a beach, a port, and plenty of art◊ïllery. Or at least that's how it used to be till they blew it with their reckless temper tantrums.",neutral,neutral,False,False
Video 4,GmZnL0-jz7s,Ambush at intersection near Sderot during Hamas attack in Israel | Traffic cam video,11Alive,UgznXHm1P0nDa-NGArl4AaABAg.A8629aBgbVJA8xAxlNfz7B,‚ù§‚ù§‚ù§‚ù§‚ù§,UgznXHm1P0nDa-NGArl4AaABAg,user 583,UC2kWl1ASswv3kb8FSD0LRZA,0,2024-10-20,0.0,0.192,0.808,0.9719,0.014811346,0.069869675,0.18678918,0.013986986,0.61895365,0.015271595,0.008772385,neutral,positive,0.95593,error,‚ù§‚ù§‚ù§‚ù§‚ù§,neutral,neutral,False,False
Video 4,GmZnL0-jz7s,Ambush at intersection near Sderot during Hamas attack in Israel | Traffic cam video,11Alive,UgznXHm1P0nDa-NGArl4AaABAg.A8629aBgbVJA9HmfmOwDTz,Said the orc from mordor,UgznXHm1P0nDa-NGArl4AaABAg,user 585,UCtrVDGWeKhQRK0rjMbF4jrQ,2,2024-10-20,0.0,1.0,0.0,0.0,0.063237578,0.6074918,0.07487615,0.749060571,0.21715643,0.106860518,0.011030888,disgust,neutral,0.080841295,en,Said the orc from mordor,negative,neutral,True,True
Video 4,GmZnL0-jz7s,Ambush at intersection near Sderot during Hamas attack in Israel | Traffic cam video,11Alive,UgyKC93Prhpc2oudv-94AaABAg.A62rTv4jXdBA9JC46-Iq9p,"It's not that Islam is bad, it's that it's easily manipulated and can turn people extremist.",UgyKC93Prhpc2oudv-94AaABAg,user 56,UCkM2BDng1MCygBssIlAEPZg,0,2024-10-20,0.284,0.605,0.112,-0.5719,0.141117215,0.3108791,0.059734814,0.764441371,0.5409055,0.084669441,0.004908781,neutral,negative,0.009771952,en,"It's not that Islam is bad, it's that it's easily manipulated and can turn people extremist.",neutral,neutral,False,False
Video 4,GmZnL0-jz7s,Ambush at intersection near Sderot during Hamas attack in Israel | Traffic cam video,11Alive,UgxN2vnY27Upv_1iFtt4AaABAg.A41Rl1xX1VXA9HmnQ0M7EY,"No, this is Hamas. But you are too ignorant to understand the difference because you support Nazis",UgxN2vnY27Upv_1iFtt4AaABAg,user 585,UCtrVDGWeKhQRK0rjMbF4jrQ,0,2024-10-20,0.125,0.708,0.167,0.2263,0.034776531,0.5474432,0.007487762,0.933484495,0.18214072,0.024494693,0.006340866,disgust,positive,0.007244266,en,"No, this is Hamas. But you are too ignorant to understand the difference because you support Nazis",negative,neutral,True,False
Video 4,GmZnL0-jz7s,Ambush at intersection near Sderot during Hamas attack in Israel | Traffic cam video,11Alive,Ugyr3w_nGIx0x-MsQBJ4AaABAg.9wFiJYT_1Qx9wQyTMbzj3T,Only muslims/palesitnazis that also deny the Holocaust,Ugyr3w_nGIx0x-MsQBJ4AaABAg,user 585,UCtrVDGWeKhQRK0rjMbF4jrQ,0,2024-03-20,0.286,0.714,0.0,-0.34,0.048300505,0.08344494,0.009926939,0.822316766,0.83695555,0.111771539,0.010915686,neutral,negative,0.017611202,en,Only muslims/palesitnazis that also deny the Holocaust,neutral,neutral,False,True
Video 4,GmZnL0-jz7s,Ambush at intersection near Sderot during Hamas attack in Israel | Traffic cam video,11Alive,Ugwr5ZO1SPUYFZGrgb54AaABAg.9wChBcf1p6fA8-921QT2bj,¬†@Magdyy¬†there is hamas at West Bank and Lebanon Iraq Iran as well,Ugwr5ZO1SPUYFZGrgb54AaABAg,user 808,UCHM71I5EgoMoYaU6mh-MizQ,2,2024-09-20,0.0,0.84,0.16,0.2732,0.096342131,0.008588661,0.013063169,0.620069087,0.8600296,0.197723135,0.06481398,neutral,positive,0.08586562,en,¬†@Magdyy¬†there is hamas at West Bank and Lebanon Iraq Iran as well,neutral,neutral,False,True
Video 4,GmZnL0-jz7s,Ambush at intersection near Sderot during Hamas attack in Israel | Traffic cam video,11Alive,UgxDNUmkuQNoKsn0Oxd4AaABAg.9wBEei4xeiT9wQyQbyoTcf,Religion of peace strikes again. Cancer..,UgxDNUmkuQNoKsn0Oxd4AaABAg,user 585,UCtrVDGWeKhQRK0rjMbF4jrQ,0,2024-03-20,0.515,0.224,0.261,-0.5267,0.080716193,0.06967453,0.074520096,0.421788007,0.24789378,0.484007686,0.030763552,sadness,negative,0.013488071,en,Religion of peace strikes again. Cancer..,negative,neutral,True,True
Video 7,7X2aL06hUqs,Israeli army releases unseen footage of Oct 7 attacks on first anniversary,The Telegraph,Ugzibv_3er3sEKkxvJp4AaABAg.A9yIWMLaB5SADLxaeWUCcg,We the people of Israel love the people of Syria! May we one day meet,Ugzibv_3er3sEKkxvJp4AaABAg,user 30,UC8PhXy1UKJ1LNg4nUH7HLRg,0,2025-01-20,0.0,0.757,0.243,0.6696,0.479304343,0.016279198,0.003785868,0.044017468,0.048719708,0.037871689,0.004698776,joy,positive,0.4388066,en,We the people of Israel love the people of Syria! May we one day meet,positive,neutral,True,True
Video 7,7X2aL06hUqs,Israeli army releases unseen footage of Oct 7 attacks on first anniversary,The Telegraph,UgxCr8VqcB8lG87XXul4AaABAg.A9IhUiANwmoA9RQfqiJC0G,Impressive. Non of those replies actually answered that question.,UgxCr8VqcB8lG87XXul4AaABAg,user 30,UC8PhXy1UKJ1LNg4nUH7HLRg,11,2024-10-20,0.0,0.708,0.292,0.5106,0.601814091,0.30761874,0.003985437,0.156927079,0.14464246,0.060858674,0.4983136,surprise,positive,0.18040018,en,Impressive. Non of those replies actually answered that question.,neutral,neutral,False,True
Video 7,7X2aL06hUqs,Israeli army releases unseen footage of Oct 7 attacks on first anniversary,The Telegraph,Ugz6baP73REsyyH2P6Z4AaABAg.A9I9AeeToECA9IRcJ9ec_8,"Wasn‚Äôt Gaza a tourist destination before October 7th? Strange how people want to visit concentration camps.
Not even to mention that Gazans worked in Israel for money.",Ugz6baP73REsyyH2P6Z4AaABAg,user 56,UCkM2BDng1MCygBssIlAEPZg,6,2024-10-20,0.064,0.89,0.046,-0.128,0.027003776,0.016674869,0.005743853,0.816043258,0.047145583,0.136742681,0.9181391,surprise,negative,0.020210298,en,"Wasn‚Äôt Gaza a tourist destination before October 7th? Strange how people want to visit concentration camps.
Not even to mention that Gazans worked in Israel for money.",neutral,neutral,False,True
Video 7,7X2aL06hUqs,Israeli army releases unseen footage of Oct 7 attacks on first anniversary,The Telegraph,UgxS66ERtjeT3O18B6J4AaABAg.A9I6emGdg7QA9IS4_9lTvL,¬†@sajid1979¬†Arabs helped expel Jews out of the Middle East and they are doing it again,UgxS66ERtjeT3O18B6J4AaABAg,user 56,UCkM2BDng1MCygBssIlAEPZg,0,2024-10-20,0.172,0.828,0.0,-0.4404,0.020249706,0.3536218,0.016365092,0.944826603,0.31308556,0.024393007,0.007294202,disgust,negative,0.010530757,en,¬†@sajid1979¬†Arabs helped expel Jews out of the Middle East and they are doing it again,negative,neutral,True,True
Video 7,7X2aL06hUqs,Israeli army releases unseen footage of Oct 7 attacks on first anniversary,The Telegraph,Ugx02oeZhaKXOFJfGCJ4AaABAg.A9I3tpuqzXTA9ISIAfipxy,Because October 7th haven‚Äôt even been fully reviewed (also this drone got severely damaged),Ugx02oeZhaKXOFJfGCJ4AaABAg,user 56,UCkM2BDng1MCygBssIlAEPZg,5,2024-10-20,0.33,0.67,0.0,-0.7096,0.025805367,0.07394945,0.009072932,0.353817731,0.43396503,0.603363574,0.10856541,neutral,negative,0.01701328,en,Because October 7th haven‚Äôt even been fully reviewed (also this drone got severely damaged),neutral,neutral,False,True
Video 9,mr_Znhh7bWQ,Moment Hamas militants take civilian hostage in Israel,The Times and The Sunday Times,UgyPtHtpTYfgyae-N-54AaABAg.A5KMjUAf5ThAEJHFwoJ1BP,¬†@NorthStarInfo¬† one side won. The other is crying genocide now,UgyPtHtpTYfgyae-N-54AaABAg,user 55,UCxHWTaDQGpRD_yNm_5OeDKQ,5,2025-02-20,0.225,0.507,0.268,0.1531,0.018568549,0.4009558,0.015453056,0.191574082,0.2353299,0.772166908,0.004668493,disgust,positive,0.01769046,en,¬†@NorthStarInfo¬† one side won. The other is crying genocide now,negative,neutral,True,False
Video 9,mr_Znhh7bWQ,Moment Hamas militants take civilian hostage in Israel,The Times and The Sunday Times,Ugwt6p6tErOtsDs-Nzh4AaABAg.A4QzdgnmCkwA6GoKUSmn7H,¬†@GoldFoxsAdmin¬†hamas took the idf after they killed soldiers unfortunately,Ugwt6p6tErOtsDs-Nzh4AaABAg,user 808,UCHM71I5EgoMoYaU6mh-MizQ,0,2024-08-20,0.496,0.504,0.0,-0.7845,0.021972526,0.009473354,0.007955414,0.381608009,0.021246366,0.586388469,0.007623797,sadness,negative,0.010031053,en,¬†@GoldFoxsAdmin¬†hamas took the idf after they killed soldiers unfortunately,negative,neutral,True,True
Video 9,mr_Znhh7bWQ,Moment Hamas militants take civilian hostage in Israel,The Times and The Sunday Times,Ugwt6p6tErOtsDs-Nzh4AaABAg.A4QzdgnmCkwA6GoNXCmt3g,¬†@GoldFoxsAdmin¬†Hamas took the idf gear after killing soldiers,Ugwt6p6tErOtsDs-Nzh4AaABAg,user 808,UCHM71I5EgoMoYaU6mh-MizQ,1,2024-08-20,0.386,0.614,0.0,-0.6597,0.025567874,0.42303523,0.005397195,0.914109468,0.008420878,0.049689706,0.001497114,anger,negative,0.010632902,en,¬†@GoldFoxsAdmin¬†Hamas took the idf gear after killing soldiers,negative,neutral,True,True
Video 9,mr_Znhh7bWQ,Moment Hamas militants take civilian hostage in Israel,The Times and The Sunday Times,Ugxmd3wcuL5EF-4Ny4J4AaABAg.A3DB2-OxkXgA3MOieneIcG,You know there are israeli arabs right?,Ugxmd3wcuL5EF-4Ny4J4AaABAg,user 30,UC8PhXy1UKJ1LNg4nUH7HLRg,0,2024-05-20,0.0,1.0,0.0,0.0,0.139225125,0.019117767,0.00210317,0.542523503,0.888546,0.078971244,0.057003025,neutral,neutral,0.23928015,en,You know there are israeli arabs right?,neutral,neutral,False,False
Video 9,mr_Znhh7bWQ,Moment Hamas militants take civilian hostage in Israel,The Times and The Sunday Times,Ugy1hVTwEOoCK5zWY5t4AaABAg.A2kGFA9hxY3A6GoBt9Lg3D,Not everyone is serving in the idf it‚Äôs like me saying every Palestinian is Hamas,Ugy1hVTwEOoCK5zWY5t4AaABAg,user 808,UCHM71I5EgoMoYaU6mh-MizQ,1,2024-08-20,0.0,0.848,0.152,0.3612,0.108043373,0.06392595,0.002387018,0.782404423,0.8885106,0.090182073,0.014235196,neutral,positive,0.019370133,en,Not everyone is serving in the idf it‚Äôs like me saying every Palestinian is Hamas,neutral,neutral,False,False
Video 9,mr_Znhh7bWQ,Moment Hamas militants take civilian hostage in Israel,The Times and The Sunday Times,UgxJJsNtJKizmIoWLYd4AaABAg.9x2BqJZuddeA12h5RWnTt1,Then you need glasses,UgxJJsNtJKizmIoWLYd4AaABAg,user 30,UC8PhXy1UKJ1LNg4nUH7HLRg,8,2024-03-20,0.0,1.0,0.0,0.0,0.082414262,0.007809853,0.002904167,0.181631714,0.9552188,0.649120808,0.017924124,neutral,neutral,0.08683316,en,Then you need glasses,neutral,neutral,False,True
Video 9,mr_Znhh7bWQ,Moment Hamas militants take civilian hostage in Israel,The Times and The Sunday Times,UgxJJsNtJKizmIoWLYd4AaABAg.9x2BqJZuddeA12tamRGVOF,¬†@domcodirect8921¬† you justify people being dragged at gunpo◊ïnt and you call me brainwashed? What do those civillians have to do with a war that is almost 80 years old?,UgxJJsNtJKizmIoWLYd4AaABAg,user 30,UC8PhXy1UKJ1LNg4nUH7HLRg,8,2024-03-20,0.174,0.826,0.0,-0.6662,0.019212805,0.23495464,0.030960904,0.953515053,0.12536378,0.022055507,0.09538463,anger,negative,0.005216586,en,¬†@domcodirect8921¬† you justify people being dragged at gunpo◊ïnt and you call me brainwashed? What do those civillians have to do with a war that is almost 80 years old?,negative,neutral,True,False
Video 9,mr_Znhh7bWQ,Moment Hamas militants take civilian hostage in Israel,The Times and The Sunday Times,UgyeHB_cCW8YeWrQ_xF4AaABAg.9x0Lhh3k_4lA12jjXKqhnY,You guys are crazy,UgyeHB_cCW8YeWrQ_xF4AaABAg,user 30,UC8PhXy1UKJ1LNg4nUH7HLRg,1,2024-03-20,0.444,0.556,0.0,-0.34,0.006568971,0.24738204,0.011758463,0.976847351,0.09138953,0.008506984,0.070713066,anger,negative,0.008076744,fr,You guys are crazy,negative,neutral,True,True
Video 9,mr_Znhh7bWQ,Moment Hamas militants take civilian hostage in Israel,The Times and The Sunday Times,UgxFB3Kdkyw912uPwyd4AaABAg.9wu_RHRqnFuA6HN5Ir_XBM,"¬†@agungpurwap7854¬† are u really slow ? Do u know there are 2 million Muslims living in Israel freely with all equal rights there are Arab Muslim judges at the Supreme Court and in the Israeli parliament don‚Äôt believe me ? Buy a plane ticket to Israel you will see
 üòÇüòÇüòÇ",UgxFB3Kdkyw912uPwyd4AaABAg,user 808,UCHM71I5EgoMoYaU6mh-MizQ,2,2024-08-20,0.072,0.697,0.231,0.9388,0.045264967,0.012747013,0.63863814,0.898919225,0.11321467,0.041287214,0.07974047,fear,positive,0.014528684,en,"¬†@agungpurwap7854¬† are u really slow ? Do u know there are 2 million Muslims living in Israel freely with all equal rights there are Arab Muslim judges at the Supreme Court and in the Israeli parliament don‚Äôt believe me ? Buy a plane ticket to Israel you will see
 üòÇüòÇüòÇ",negative,neutral,True,False
Video 11,4iEq2hUZMMQ,"Nova Festival, Israel.  October 7",StandWithUs,Ugzxhscl7mfki8HlSv54AaABAg,üëé,root,user 583,UC2kWl1ASswv3kb8FSD0LRZA,1,2025-03-06,0.0,1.0,0.0,0.0,0.11315152,0.10400671,0.05136284,0.34825629,0.5494767,0.293244034,0.0787655,neutral,neutral,0.24534813,error,üëé,neutral,neutral,False,False
Video 11,4iEq2hUZMMQ,"Nova Festival, Israel.  October 7",StandWithUs,UgxCil9SJjYrVAbKtyh4AaABAg.ACtpkuyTnWsADX7zCpg9_t,"I‚Äôm sorry sir, is there something wrong with the war you ordered?",UgxCil9SJjYrVAbKtyh4AaABAg,user 55,UCxHWTaDQGpRD_yNm_5OeDKQ,0,2025-02-20,0.48,0.52,0.0,-0.8074,0.023014223,0.03992674,0.0403453,0.662679791,0.0980301,0.303079367,0.12932244,sadness,negative,0.011226612,en,"I‚Äôm sorry sir, is there something wrong with the war you ordered?",negative,neutral,True,False
Video 11,4iEq2hUZMMQ,"Nova Festival, Israel.  October 7",StandWithUs,Ugwcl6pt4m8DroOEyZx4AaABAg.A8JEJGtsFy5A8Np5VDiLGH,"There‚Äôs videos from Hamas entering Israel, and driving to the festival.
No IDF units were nearby, and due to it being Yom Kippur, only Christians were on standby.
400 babies died on October 7th.",Ugwcl6pt4m8DroOEyZx4AaABAg,user 56,UCkM2BDng1MCygBssIlAEPZg,2,2024-09-20,0.145,0.775,0.08,-0.3818,0.033322521,0.09155293,0.07002705,0.460536391,0.46096626,0.493467957,0.03562046,neutral,negative,0.012673136,en,"There‚Äôs videos from Hamas entering Israel, and driving to the festival.
No IDF units were nearby, and due to it being Yom Kippur, only Christians were on standby.
400 babies died on October 7th.",neutral,neutral,False,False
Video 11,4iEq2hUZMMQ,"Nova Festival, Israel.  October 7",StandWithUs,UgysEEOUDl89aAh-5CF4AaABAg.A8Bb3NqmKpnA8NpSoQuxAt,"Palestine was once called Judea, The Land of the Israelites.
It was renamed to Palestine after the Romans expelled the Jewish population from it and used it as a cover to hide evidence of it ever being Jewish.",UgysEEOUDl89aAh-5CF4AaABAg,user 56,UCkM2BDng1MCygBssIlAEPZg,0,2024-09-20,0.093,0.907,0.0,-0.4019,0.143857345,0.41041437,0.0665067,0.61328584,0.2573669,0.179840341,0.006637958,disgust,negative,0.063016444,en,"Palestine was once called Judea, The Land of the Israelites.
It was renamed to Palestine after the Romans expelled the Jewish population from it and used it as a cover to hide evidence of it ever being Jewish.",negative,neutral,True,False
Video 11,4iEq2hUZMMQ,"Nova Festival, Israel.  October 7",StandWithUs,UgyJMo7SZom52moWxfx4AaABAg.A7yhm2viZQwA86fZjaIuDN,Palestine= Hamas. Almost 75% of the Palestinians support the October 7th. So..,UgyJMo7SZom52moWxfx4AaABAg,user 585,UCtrVDGWeKhQRK0rjMbF4jrQ,0,2024-09-20,0.0,0.803,0.197,0.4019,0.445599228,0.065882094,0.015596399,0.365482062,0.6329416,0.061540812,0.02875733,neutral,positive,0.12737782,en,Palestine= Hamas. Almost 75% of the Palestinians support the October 7th. So..,neutral,neutral,False,True
Video 11,4iEq2hUZMMQ,"Nova Festival, Israel.  October 7",StandWithUs,UgwiW_I6v-SzQjPNBPJ4AaABAg.A7lY7JIpIROA86fd2ErfB9,Palestinazi orc.,UgwiW_I6v-SzQjPNBPJ4AaABAg,user 585,UCtrVDGWeKhQRK0rjMbF4jrQ,0,2024-09-20,0.0,1.0,0.0,0.0,0.020002818,0.31828207,0.016701872,0.904496074,0.61297536,0.041463442,0.013355674,neutral,neutral,0.034037694,it,Palestinazi orc.,neutral,neutral,False,False
Video 11,4iEq2hUZMMQ,"Nova Festival, Israel.  October 7",StandWithUs,UgxVOjgwnHTCnQaHiMB4AaABAg.A7hJVWkpj2CA86gFiJTg8p,So sit down in the meanwhile and watch gaza ‚õ±Ô∏è,UgxVOjgwnHTCnQaHiMB4AaABAg,user 585,UCtrVDGWeKhQRK0rjMbF4jrQ,1,2024-09-20,0.0,1.0,0.0,0.0,0.087784097,0.003508884,0.002340341,0.031578567,0.6895655,0.042251408,0.009601506,neutral,neutral,0.838386,en,So sit down in the meanwhile and watch gaza ‚õ±Ô∏è,neutral,neutral,False,True
Video 11,4iEq2hUZMMQ,"Nova Festival, Israel.  October 7",StandWithUs,UgzmBAVua_iyWy3aQzB4AaABAg.A7gTWg5wLa7A86gJutbNlU,The idiot doesn't even know how the Palestinian flag looks alike,UgzmBAVua_iyWy3aQzB4AaABAg,user 585,UCtrVDGWeKhQRK0rjMbF4jrQ,0,2024-09-20,0.248,0.752,0.0,-0.5106,0.01377653,0.4166313,0.002471205,0.938075304,0.1304373,0.031436011,0.027460147,disgust,negative,0.016712125,en,The idiot doesn't even know how the Palestinian flag looks alike,negative,neutral,True,False
Video 11,4iEq2hUZMMQ,"Nova Festival, Israel.  October 7",StandWithUs,UgxfkxiqyFIPCZF-Nel4AaABAg.A7XsMVy8JcfA86g1YFBVq_,It's not yours never been yours. Enjoy watching gaza!,UgxfkxiqyFIPCZF-Nel4AaABAg,user 585,UCtrVDGWeKhQRK0rjMbF4jrQ,0,2024-09-20,0.267,0.733,0.0,-0.4442,0.062991276,0.001468075,0.000380803,0.026210995,0.019080428,0.014633365,0.006329055,joy,negative,0.8961643,en,It's not yours never been yours. Enjoy watching gaza!,positive,neutral,True,True
Video 11,4iEq2hUZMMQ,"Nova Festival, Israel.  October 7",StandWithUs,UgxfkxiqyFIPCZF-Nel4AaABAg.A7XsMVy8JcfAAdr3RxPR67,¬†@rohamfromiran¬†Not exactly if this house is 3000 years old like the homeland of the Jews. Educate yourself,UgxfkxiqyFIPCZF-Nel4AaABAg,user 585,UCtrVDGWeKhQRK0rjMbF4jrQ,0,2024-11-20,0.0,0.865,0.135,0.3612,0.499068022,0.029457185,0.007555079,0.144272342,0.920765,0.190377414,0.021057252,neutral,positive,0.1662822,en,¬†@rohamfromiran¬†Not exactly if this house is 3000 years old like the homeland of the Jews. Educate yourself,neutral,neutral,False,False
Video 11,4iEq2hUZMMQ,"Nova Festival, Israel.  October 7",StandWithUs,Ugw-suQ8BVLxcl8vQBh4AaABAg.A7V5-uz3YCMA86gQkEg9-D,All the world= all the palestinazis you mean,Ugw-suQ8BVLxcl8vQBh4AaABAg,user 585,UCtrVDGWeKhQRK0rjMbF4jrQ,2,2024-09-20,0.0,1.0,0.0,0.0,0.081427537,0.003438957,0.002676892,0.628416061,0.18591,0.106052391,0.74270815,surprise,neutral,0.18410395,en,All the world= all the palestinazis you mean,neutral,neutral,False,False
Video 11,4iEq2hUZMMQ,"Nova Festival, Israel.  October 7",StandWithUs,UgyIIP-MtH3KZudi9Q14AaABAg.A7ECv55QWOVA86gVqhCLzd,"""Why did she wear such short clothes when she was walking down the street""?",UgyIIP-MtH3KZudi9Q14AaABAg,user 585,UCtrVDGWeKhQRK0rjMbF4jrQ,0,2024-09-20,0.0,1.0,0.0,0.0,0.046629258,0.08715262,0.033300873,0.330953866,0.17371126,0.5869596,0.62842643,surprise,neutral,0.035457235,en,"""Why did she wear such short clothes when she was walking down the street""?",neutral,neutral,False,False
Video 11,4iEq2hUZMMQ,"Nova Festival, Israel.  October 7",StandWithUs,UgyIIP-MtH3KZudi9Q14AaABAg.A7ECv55QWOVA87iStTYfVc,"¬†@PhilippTreffler-o2z¬† some people are ignorant and supporting palestinazis, some don't",UgyIIP-MtH3KZudi9Q14AaABAg,user 585,UCtrVDGWeKhQRK0rjMbF4jrQ,0,2024-09-20,0.162,0.615,0.223,0.2023,0.036910675,0.19498089,0.005549081,0.859426856,0.3950277,0.090843454,0.03709859,neutral,positive,0.012818954,en,"¬†@PhilippTreffler-o2z¬† some people are ignorant and supporting palestinazis, some don't",neutral,neutral,False,False
Video 11,4iEq2hUZMMQ,"Nova Festival, Israel.  October 7",StandWithUs,UgyIIP-MtH3KZudi9Q14AaABAg.A7ECv55QWOVA893PJKxZ3C,Liar. Like all the palestinazisüòÇ‚Äã¬†@PhilippTreffler-o2z¬†,UgyIIP-MtH3KZudi9Q14AaABAg,user 585,UCtrVDGWeKhQRK0rjMbF4jrQ,0,2024-09-20,0.331,0.51,0.159,-0.4019,0.018112848,0.02785709,0.007110149,0.862523794,0.84966135,0.062939338,0.027978543,neutral,negative,0.056424033,en,Liar. Like all the palestinazisüòÇ‚Äã¬†@PhilippTreffler-o2z¬†,neutral,neutral,False,False
Video 11,4iEq2hUZMMQ,"Nova Festival, Israel.  October 7",StandWithUs,UgwugGarkzqos-QvI9R4AaABAg.A6PSDm-nE7NA6pFdcprHF9,Palestinazi liar.,UgwugGarkzqos-QvI9R4AaABAg,user 585,UCtrVDGWeKhQRK0rjMbF4jrQ,2,2024-08-20,0.767,0.233,0.0,-0.5106,0.019957256,0.5354561,0.010270484,0.890648842,0.062828675,0.065698184,0.002933867,disgust,negative,0.023695737,it,Palestinazi liar.,negative,neutral,True,False
Video 11,4iEq2hUZMMQ,"Nova Festival, Israel.  October 7",StandWithUs,UgymINR4XYxpz1nnwXB4AaABAg.A4QjWkLnHofA6pGA52SUiC,Ignorant. But you are a palestinazi so it makes sense,UgymINR4XYxpz1nnwXB4AaABAg,user 585,UCtrVDGWeKhQRK0rjMbF4jrQ,1,2024-08-20,0.147,0.853,0.0,-0.1406,0.043285605,0.57023484,0.001904015,0.88230747,0.23601098,0.04125765,0.010769078,disgust,negative,0.033149302,fr,Ignorant. But you are a palestinazi so it makes sense,negative,neutral,True,False
Video 11,4iEq2hUZMMQ,"Nova Festival, Israel.  October 7",StandWithUs,UgyWefju41i9vkzzMk94AaABAg.A0rChPi77SCA12D_RUYgMn,Palestinazi liar.,UgyWefju41i9vkzzMk94AaABAg,user 585,UCtrVDGWeKhQRK0rjMbF4jrQ,1,2024-03-20,0.767,0.233,0.0,-0.5106,0.019957256,0.5354561,0.010270484,0.890648842,0.062828675,0.065698184,0.002933867,disgust,negative,0.023695737,it,Palestinazi liar.,negative,neutral,True,False
Video 11,4iEq2hUZMMQ,"Nova Festival, Israel.  October 7",StandWithUs,UgxbyPrZtf3SOn63EB54AaABAg.A0RinwX6qSWA12Dk03s_W8,"You are a palestinazi supporter, which is much worst",UgxbyPrZtf3SOn63EB54AaABAg,user 585,UCtrVDGWeKhQRK0rjMbF4jrQ,2,2024-03-20,0.311,0.53,0.159,-0.4588,0.007372213,0.9545679,0.002219677,0.969746053,0.007984279,0.017197775,0.000977802,disgust,negative,0.005683916,en,"You are a palestinazi supporter, which is much worst",negative,neutral,True,False
Video 11,4iEq2hUZMMQ,"Nova Festival, Israel.  October 7",StandWithUs,UgwNoj_iXGzrxfVe2014AaABAg.9wcLqWsvYUz9wc_5eeruoC,10000 in Gaza,UgwNoj_iXGzrxfVe2014AaABAg,user 808,UCHM71I5EgoMoYaU6mh-MizQ,0,2024-03-20,0.0,1.0,0.0,0.0,0.185414463,0.013438,0.04403211,0.320272148,0.4738344,0.362358451,0.10610439,neutral,neutral,0.13195495,tr,10000 in Gaza,neutral,neutral,False,False
Video 11,4iEq2hUZMMQ,"Nova Festival, Israel.  October 7",StandWithUs,UgxIkRJoNL3WFI01-Pd4AaABAg.9wZfMtRrLfB9wZm7O18GjM,Shut up Stalin,UgxIkRJoNL3WFI01-Pd4AaABAg,user 808,UCHM71I5EgoMoYaU6mh-MizQ,0,2024-03-20,0.0,1.0,0.0,0.0,0.011575948,0.01085736,0.016793132,0.949127257,0.025801463,0.024219183,0.002319649,anger,neutral,0.015077538,en,Shut up Stalin,negative,neutral,True,True
Video 11,4iEq2hUZMMQ,"Nova Festival, Israel.  October 7",StandWithUs,UgwUgAcM5_xJrdLMVdR4AaABAg.9wYuDMYPryt9wZmQGq4Li-,Gaza has its own government it‚Äôs own country Egypt has a closed border with Gaza too they don‚Äôt want them,UgwUgAcM5_xJrdLMVdR4AaABAg,user 808,UCHM71I5EgoMoYaU6mh-MizQ,0,2024-03-20,0.0,0.936,0.064,0.0772,0.021977579,0.028072637,0.020245465,0.919655502,0.77043444,0.053783745,0.010912332,neutral,neutral,0.004583162,en,Gaza has its own government it‚Äôs own country Egypt has a closed border with Gaza too they don‚Äôt want them,neutral,neutral,False,True
Video 12,7sHxRcebDzM,How the Hamas attack on the Supernova festival in Israel unfolded - BBC News,BBC News,Ugx0YVWeCCTHhWb27Ed4AaABAg,"I massacri sono a Gaza, +40.000!!! morti (20.000!!! bambini), e adesso in Libano! Centinaia di morti al giorno! Nessuna pena per Israele, √® il diavolo.",root,user 583,UC2kWl1ASswv3kb8FSD0LRZA,2,2024-10-20,0.0,1.0,0.0,0.0,0.066786714,0.0344383,0.18728365,0.620654523,0.017730782,0.091885321,0.025063775,anger,neutral,0.22067347,it,"The massacres are in Gaza, +40,000 !!! Dead (20,000 !!! Children), and now in Lebanon! Hundreds of deaths a day! No punishment for Israel is the devil.",negative,negative,False,False
Video 12,7sHxRcebDzM,How the Hamas attack on the Supernova festival in Israel unfolded - BBC News,BBC News,Ugw-T0Sa_eqQOmRY-7F4AaABAg.A7no1T75tPqA86eznfVTxw,You think this festival is the only place they targeted?,Ugw-T0Sa_eqQOmRY-7F4AaABAg,user 30,UC8PhXy1UKJ1LNg4nUH7HLRg,3,2024-09-20,0.0,0.706,0.294,0.5789,0.030919284,0.019785546,0.0035117,0.900822341,0.33128378,0.056868512,0.6063702,surprise,positive,0.011389878,en,You think this festival is the only place they targeted?,neutral,negative,True,False
Video 12,7sHxRcebDzM,How the Hamas attack on the Supernova festival in Israel unfolded - BBC News,BBC News,UgxuFomeJsJV4lhudnR4AaABAg.A72TRCxyoW2A8NoTp2SpKg,Arabs aren‚Äôt like black,UgxuFomeJsJV4lhudnR4AaABAg,user 56,UCkM2BDng1MCygBssIlAEPZg,1,2024-09-20,0.0,0.545,0.455,0.3612,0.035028324,0.052841328,0.004285586,0.838274777,0.89538175,0.090332769,0.020151282,neutral,positive,0.03636414,sv,Arabs aren‚Äôt like black,neutral,negative,True,True
Video 12,7sHxRcebDzM,How the Hamas attack on the Supernova festival in Israel unfolded - BBC News,BBC News,UgywFPceS8muGQR7xrJ4AaABAg.A3DMErYvTfyA6BmPVU67MM,"I suppose they are trying to be neutral, which is still bad with no context but they still need people to watch them.",UgywFPceS8muGQR7xrJ4AaABAg,user 56,UCkM2BDng1MCygBssIlAEPZg,0,2024-08-20,0.155,0.845,0.0,-0.431,0.181093857,0.73289603,0.009227436,0.559744895,0.18801436,0.243189692,0.003705756,disgust,negative,0.01597161,en,"I suppose they are trying to be neutral, which is still bad with no context but they still need people to watch them.",negative,negative,False,False
Video 12,7sHxRcebDzM,How the Hamas attack on the Supernova festival in Israel unfolded - BBC News,BBC News,UgyBBAvM-j8QvleskhB4AaABAg.9vf-nHf46tz9z9X24DMgzG,Ok mongol turk,UgyBBAvM-j8QvleskhB4AaABAg,user 4651,UC6pPTonQbFeRAcL0gNQjB-w,0,2024-03-20,0.0,0.476,0.524,0.296,0.054228872,0.005918477,0.003921306,0.203109011,0.9113628,0.065649524,0.05737564,neutral,positive,0.6770127,tl,Ok Mongol Turk,neutral,negative,True,True
Video 12,7sHxRcebDzM,How the Hamas attack on the Supernova festival in Israel unfolded - BBC News,BBC News,Ugy_BESjVB_lWrkDDCV4AaABAg,Palestinians have a right to defend themselves üáµüá∏‚ù§Ô∏è,root,user 4651,UC6pPTonQbFeRAcL0gNQjB-w,32,2024-03-20,0.0,1.0,0.0,0.0,0.665760875,0.05726712,0.07800762,0.181052878,0.19386838,0.085241243,0.001961828,anger,neutral,0.06794511,en,Palestinians have a right to defend themselves üáµüá∏‚ù§Ô∏è,negative,negative,False,False
Video 12,7sHxRcebDzM,How the Hamas attack on the Supernova festival in Israel unfolded - BBC News,BBC News,UgySib2SrajcRKQpuXt4AaABAg.9veNTfhWz_nA90ByS7lp18,Hamas and Palestinians= Nazis,UgySib2SrajcRKQpuXt4AaABAg,user 585,UCtrVDGWeKhQRK0rjMbF4jrQ,0,2024-10-20,0.0,1.0,0.0,0.0,0.020152401,0.16821955,0.22085004,0.946028411,0.1492474,0.02264444,0.018834367,anger,neutral,0.011174836,en,Hamas and Palestinians= Nazis,negative,negative,False,False
Video 12,7sHxRcebDzM,How the Hamas attack on the Supernova festival in Israel unfolded - BBC News,BBC News,Ugz6Z4yGaGsB4Ibg2xp4AaABAg.9veNNkuZFiu9veO5TXirWu,"Palestinians have a right to defend themselves üáµüá∏‚ù§Ô∏è
Zionists are the real terrorists",Ugz6Z4yGaGsB4Ibg2xp4AaABAg,user 4651,UC6pPTonQbFeRAcL0gNQjB-w,0,2024-03-20,0.227,0.773,0.0,-0.6249,0.176002994,0.00748057,0.79983324,0.757847726,0.019265197,0.057199031,0.001314191,fear,negative,0.008950312,en,"Palestinians have a right to defend themselves üáµüá∏‚ù§Ô∏è
Zionists are the real terrorists",negative,negative,False,False
Video 14,RE3EOtcjGFk,Israel-Hamas War: First Week Mapped using Google Earth,mapsinanutshell,Ugw1vzuqTxVipCTXvCF4AaABAg.A06T98sjjYnA2Wl9uUBFtw,Amen,Ugw1vzuqTxVipCTXvCF4AaABAg,user 30,UC8PhXy1UKJ1LNg4nUH7HLRg,0,2024-05-20,0.0,1.0,0.0,0.0,0.66142416,0.62736887,0.007111624,0.106645286,0.033247158,0.072886772,0.002127538,disgust,neutral,0.15904376,nl,Amen,negative,neutral,True,False
Video 14,RE3EOtcjGFk,Israel-Hamas War: First Week Mapped using Google Earth,mapsinanutshell,Ugx8XOI-kzY0GwVZsbR4AaABAg.9ysbdXAvOPsA2IVRwYJuZv,started 2000 years agp when the romans kicked the jews out ‚Äã@mangoi3,Ugx8XOI-kzY0GwVZsbR4AaABAg,user 4,UC2lhwPBh2i-1mqMqo3q09iQ,0,2024-04-20,0.0,1.0,0.0,0.0,0.090191521,0.03135585,0.2636935,0.617932796,0.0412943,0.128972888,0.018283205,anger,neutral,0.16290283,en,started 2000 years agp when the romans kicked the jews out ‚Äã@mangoi3,negative,neutral,True,True
Video 14,RE3EOtcjGFk,Israel-Hamas War: First Week Mapped using Google Earth,mapsinanutshell,UgyiwKhnxdC7_38Plbx4AaABAg.9wCciNdPwxz9wDWM7rftQb,They wanted to kill as many Israelis as possible,UgyiwKhnxdC7_38Plbx4AaABAg,user 8820,UCqHEK1aLVs7w_2RklqtGEzA,0,2024-03-20,0.37,0.63,0.0,-0.6908,0.036444895,0.08477238,0.026733667,0.897886634,0.042051665,0.052524135,0.002772851,anger,negative,0.013144279,en,They wanted to kill as many Israelis as possible,negative,neutral,True,False
Video 14,RE3EOtcjGFk,Israel-Hamas War: First Week Mapped using Google Earth,mapsinanutshell,UgzNqF-Ki7X5TCozL1l4AaABAg.9wA-GndWoQ89wDVqX8hdEf,Long Live Israel,UgzNqF-Ki7X5TCozL1l4AaABAg,user 8820,UCqHEK1aLVs7w_2RklqtGEzA,3,2024-03-20,0.0,1.0,0.0,0.0,0.374080449,0.015379714,0.002898353,0.098846048,0.8476521,0.035833292,0.007168747,neutral,neutral,0.49124017,en,Long Live Israel,neutral,neutral,False,False
Video 14,RE3EOtcjGFk,Israel-Hamas War: First Week Mapped using Google Earth,mapsinanutshell,Ugyt58Uq7-g3k9KUI3J4AaABAg.9w9PyiBwAeg9wDWG7eD2Sl,"Israel rallied soldiers then pushed back, and is still rallying soldiers in preperation for ground offensive, its called strategy",Ugyt58Uq7-g3k9KUI3J4AaABAg,user 8820,UCqHEK1aLVs7w_2RklqtGEzA,6,2024-03-20,0.143,0.857,0.0,-0.4588,0.098662883,0.061117183,0.01552018,0.828482568,0.2871927,0.060468376,0.005612102,anger,negative,0.012386247,en,"Israel rallied soldiers then pushed back, and is still rallying soldiers in preperation for ground offensive, its called strategy",negative,neutral,True,True
Video 14,RE3EOtcjGFk,Israel-Hamas War: First Week Mapped using Google Earth,mapsinanutshell,Ugyt58Uq7-g3k9KUI3J4AaABAg.9w9PyiBwAeg9wDmGuo3FNn,@Chiefrocka. Exactly what i was thinking ofüíÄ,Ugyt58Uq7-g3k9KUI3J4AaABAg,user 8820,UCqHEK1aLVs7w_2RklqtGEzA,5,2024-03-20,0.0,1.0,0.0,0.0,0.077391751,0.003148071,0.004747858,0.167542398,0.7537338,0.681245387,0.2149883,neutral,neutral,0.07382042,en,@Chiefrocka. Exactly what i was thinking ofüíÄ,neutral,neutral,False,True
Video 14,RE3EOtcjGFk,Israel-Hamas War: First Week Mapped using Google Earth,mapsinanutshell,UgxQ6Ftte12zeyhAHT54AaABAg.9w0VeFXvkSM9wDWTyM2Np1,Hamas cause is civilian deaths,UgxQ6Ftte12zeyhAHT54AaABAg,user 8820,UCqHEK1aLVs7w_2RklqtGEzA,0,2024-03-20,0.0,1.0,0.0,0.0,0.043310855,0.04254208,0.010350619,0.540697277,0.08561872,0.404820442,0.011106484,sadness,neutral,0.011171497,en,Hamas cause is civilian deaths,negative,neutral,True,True
Video 14,RE3EOtcjGFk,Israel-Hamas War: First Week Mapped using Google Earth,mapsinanutshell,UgzP2ZEkCoE2cNo1dAp4AaABAg.9vwzMoAsnHM9wDVLYboE6P,Sus as hell,UgzP2ZEkCoE2cNo1dAp4AaABAg,user 8820,UCqHEK1aLVs7w_2RklqtGEzA,1,2024-03-20,0.697,0.303,0.0,-0.6808,0.047928259,0.53920645,0.015525701,0.647342443,0.016520625,0.098307408,0.008776222,disgust,negative,0.20642187,en,Sus as hell,negative,neutral,True,True
Video 14,RE3EOtcjGFk,Israel-Hamas War: First Week Mapped using Google Earth,mapsinanutshell,UgzP2ZEkCoE2cNo1dAp4AaABAg.9vwzMoAsnHM9wDfxMWolk6,"¬†@johnweak6788¬† You think Israel wants Gaza?üòÇ No one wants Gaza! Not Egypt nor Israel, but such is the reality when itnis infested with terrorists",UgzP2ZEkCoE2cNo1dAp4AaABAg,user 8820,UCqHEK1aLVs7w_2RklqtGEzA,0,2024-03-20,0.254,0.678,0.068,-0.7644,0.05675276,0.68830854,0.047106225,0.895067155,0.047771323,0.040782724,0.013911171,disgust,negative,0.007397376,en,"¬†@johnweak6788¬† You think Israel wants Gaza?üòÇ No one wants Gaza! Not Egypt nor Israel, but such is the reality when itnis infested with terrorists",negative,neutral,True,True
Video 14,RE3EOtcjGFk,Israel-Hamas War: First Week Mapped using Google Earth,mapsinanutshell,UgyuI0q3WW_LQuJxo3V4AaABAg.9vwoWUlGrr69wDVWW8Birk,‚Äã¬†Hamza50K¬†They havent thought of that yet,UgyuI0q3WW_LQuJxo3V4AaABAg,user 8820,UCqHEK1aLVs7w_2RklqtGEzA,0,2024-03-20,0.0,1.0,0.0,0.0,0.072726451,0.001589744,0.001707753,0.264759719,0.7150719,0.597574472,0.24614976,neutral,neutral,0.064939365,en,‚Äã¬†Hamza50K¬†They havent thought of that yet,neutral,neutral,False,False
Video 18,GAm2RAbAc-Y,'We are at war': Israel's Benjamin Netanyahu makes statement on Hamas attack,Guardian News,Ugw-kVGKd6pi26T2YZ54AaABAg.9vccRIWSLeg9yAfGYpC9Jb,"Well obviously, he literally said their goal is to annihilate Hamas",Ugw-kVGKd6pi26T2YZ54AaABAg,user 8820,UCqHEK1aLVs7w_2RklqtGEzA,2,2024-03-20,0.0,0.826,0.174,0.2732,0.047888037,0.3201226,0.039155927,0.908138633,0.2633835,0.017627835,0.012187436,anger,positive,0.026345449,en,"Well obviously, he literally said their goal is to annihilate Hamas",negative,neutral,True,False
Video 20,FzQrOVWgzsM,Israel drone footage shows aftermath of Tribe of Nova music festival attack,Guardian News,UgzxH_fbTHs2Ap0k53l4AaABAg.9vd5NscgKwP9vdIC5c1PR3,‚Äã¬†@MB-rq4ss¬†I wouldnt really say someone who has murdered a pregnent woman is innocent but alright,UgzxH_fbTHs2Ap0k53l4AaABAg,user 8820,UCqHEK1aLVs7w_2RklqtGEzA,6,2024-03-20,0.129,0.67,0.201,0.128,0.063197412,0.25427866,0.009309795,0.737511873,0.09725891,0.171980783,0.00616105,anger,positive,0.027309952,en,‚Äã¬†@MB-rq4ss¬†I wouldnt really say someone who has murdered a pregnent woman is innocent but alright,negative,neutral,True,False
Video 20,FzQrOVWgzsM,Israel drone footage shows aftermath of Tribe of Nova music festival attack,Guardian News,UgyddjOZhzmi7XV1DdF4AaABAg.9vd05tVBJiT9vdIFAxjU8_,Such is the spirit of Palestine,UgyddjOZhzmi7XV1DdF4AaABAg,user 8820,UCqHEK1aLVs7w_2RklqtGEzA,2,2024-03-20,0.0,0.746,0.254,0.1779,0.771324575,0.056327626,0.006827029,0.080437429,0.8562662,0.044990338,0.013336274,neutral,positive,0.10324773,en,Such is the spirit of Palestine,neutral,neutral,False,True
Video 24,lAHyvTE1BOE,Oct. 7‚ÄîIsraeli Navy ‚ÄòSnapir‚Äò Unit Prevents Hamas Sea Infiltration,Israel Defense Forces,UgzfFjUkYIGTXtjSOgt4AaABAg.ADteCo5GhU5AF-2NdxnHJv,¬†@ORI527¬†calling yourself fish is pretty insulting,UgzfFjUkYIGTXtjSOgt4AaABAg,user 55,UCxHWTaDQGpRD_yNm_5OeDKQ,2,2025-02-27,0.308,0.385,0.308,0.0,0.012080885,0.44068873,0.003085472,0.970294774,0.017387722,0.010312002,0.002786272,anger,neutral,0.007312297,en,¬†@ORI527¬†calling yourself fish is pretty insulting,negative,neutral,True,True
Video 24,lAHyvTE1BOE,Oct. 7‚ÄîIsraeli Navy ‚ÄòSnapir‚Äò Unit Prevents Hamas Sea Infiltration,Israel Defense Forces,UgxZNodbB_n8Xpu3x2t4AaABAg.ACuzqvmdUFXAF-2PnnCVdc,üáÆüá± forever,UgxZNodbB_n8Xpu3x2t4AaABAg,user 55,UCxHWTaDQGpRD_yNm_5OeDKQ,1,2025-02-27,0.0,1.0,0.0,0.0,0.160619989,0.049393933,0.03732405,0.090264402,0.8051238,0.185692713,0.013586969,neutral,neutral,0.56342286,da,üáÆüá± forever,neutral,neutral,False,False
Video 24,lAHyvTE1BOE,Oct. 7‚ÄîIsraeli Navy ‚ÄòSnapir‚Äò Unit Prevents Hamas Sea Infiltration,Israel Defense Forces,Ugy3JSCJPCSHlXoHJj14AaABAg.A88yrt8xJJqA9Dia39H2u3,"Russia annexed Crimea a day after it ""got independence"", so how come that isn't an illegal occupation?",Ugy3JSCJPCSHlXoHJj14AaABAg,user 56,UCkM2BDng1MCygBssIlAEPZg,2,2024-10-20,0.0,0.845,0.155,0.4449,0.056166913,0.028506478,0.012849734,0.840364039,0.33341345,0.066475965,0.4965745,surprise,positive,0.036993034,en,"Russia annexed Crimea a day after it ""got independence"", so how come that isn't an illegal occupation?",neutral,neutral,False,True
Video 24,lAHyvTE1BOE,Oct. 7‚ÄîIsraeli Navy ‚ÄòSnapir‚Äò Unit Prevents Hamas Sea Infiltration,Israel Defense Forces,UgxDJN4LxNc6CKHZ_ct4AaABAg.A7z7rz8SqVyA9Digx1QhCq,"They landed a couple miles above Gaza too.
This is how they destroyed the first and only Merkava Mk4 of the war (it was unmanned)",UgxDJN4LxNc6CKHZ_ct4AaABAg,user 56,UCkM2BDng1MCygBssIlAEPZg,1,2024-10-20,0.236,0.764,0.0,-0.7964,0.102403201,0.044775363,0.013404285,0.722635806,0.7024338,0.114417732,0.16453981,neutral,negative,0.060543273,en,"They landed a couple miles above Gaza too.
This is how they destroyed the first and only Merkava Mk4 of the war (it was unmanned)",neutral,neutral,False,False
Video 24,lAHyvTE1BOE,Oct. 7‚ÄîIsraeli Navy ‚ÄòSnapir‚Äò Unit Prevents Hamas Sea Infiltration,Israel Defense Forces,UgyYj0BsyMkQlAZODQd4AaABAg.A7qeab73WWXA9DiujZtNqY,"They are still combatants, it's naval rules.",UgyYj0BsyMkQlAZODQd4AaABAg,user 56,UCkM2BDng1MCygBssIlAEPZg,1,2024-10-20,0.0,1.0,0.0,0.0,0.081078708,0.029356018,0.004648605,0.847936094,0.92838454,0.049147017,0.008899449,neutral,neutral,0.021838233,en,"They are still combatants, it's naval rules.",neutral,neutral,False,True
Video 24,lAHyvTE1BOE,Oct. 7‚ÄîIsraeli Navy ‚ÄòSnapir‚Äò Unit Prevents Hamas Sea Infiltration,Israel Defense Forces,UgwRn16nno6NrU-B0wx4AaABAg.A7q8IgVHKpEA9Dj2QfNiFp,The only reason we are good warriors is because we have the threat of losing our mainland that we were exiled from 1000 years ago.,UgwRn16nno6NrU-B0wx4AaABAg,user 56,UCkM2BDng1MCygBssIlAEPZg,0,2024-10-20,0.194,0.712,0.094,-0.4767,0.738014162,0.007051955,0.30066794,0.181146055,0.6299571,0.061769731,0.007113636,neutral,negative,0.019070005,en,The only reason we are good warriors is because we have the threat of losing our mainland that we were exiled from 1000 years ago.,neutral,neutral,False,True
Video 24,lAHyvTE1BOE,Oct. 7‚ÄîIsraeli Navy ‚ÄòSnapir‚Äò Unit Prevents Hamas Sea Infiltration,Israel Defense Forces,Ugw7ua21JvJNgeBDEK54AaABAg.A7oZcIvgW3uA9Dixx0FAkP,exactly what BBC said,Ugw7ua21JvJNgeBDEK54AaABAg,user 56,UCkM2BDng1MCygBssIlAEPZg,0,2024-10-20,0.0,1.0,0.0,0.0,0.115087725,0.005044839,0.005904479,0.534857988,0.81200135,0.154755697,0.14343333,neutral,neutral,0.19529858,en,exactly what BBC said,neutral,neutral,False,True
Video 24,lAHyvTE1BOE,Oct. 7‚ÄîIsraeli Navy ‚ÄòSnapir‚Äò Unit Prevents Hamas Sea Infiltration,Israel Defense Forces,UgxFu2BDPACMRGPyuXF4AaABAg.A0GsqxrL3aCA0K2yugdrWF,Israel loves Brazil üáÆüá±üáßüá∑‚ù§Ô∏è,UgxFu2BDPACMRGPyuXF4AaABAg,user 808,UCHM71I5EgoMoYaU6mh-MizQ,0,2024-03-20,0.0,0.575,0.425,0.5719,0.036936719,0.030545982,0.005288827,0.018379834,0.14770205,0.021182979,0.004819704,joy,positive,0.92350054,it,Israel loves Brazil üáÆüá±üáßüá∑‚ù§Ô∏è,positive,neutral,True,True
Video 24,lAHyvTE1BOE,Oct. 7‚ÄîIsraeli Navy ‚ÄòSnapir‚Äò Unit Prevents Hamas Sea Infiltration,Israel Defense Forces,Ugx3jyOHmOZrrvF9eYN4AaABAg.A-veQFxfngqA0K3BkdUVQ5,"Lmao there was never such thing as an Arab Palestinian state you‚Äôre delusional. Arab palestine and its flag was created in 1964 . Israel is an ancestral Jewish land the people of Israel have been living there for 3,500 years Jerusalem is the capital of Israel .",Ugx3jyOHmOZrrvF9eYN4AaABAg,user 808,UCHM71I5EgoMoYaU6mh-MizQ,2,2024-03-20,0.0,0.884,0.116,0.7096,0.114103429,0.024509288,0.046066012,0.81002146,0.8268599,0.040730279,0.025901038,neutral,positive,0.03514486,en,"Lmao there was never such thing as an Arab Palestinian state you‚Äôre delusional. Arab palestine and its flag was created in 1964 . Israel is an ancestral Jewish land the people of Israel have been living there for 3,500 years Jerusalem is the capital of Israel .",neutral,neutral,False,False
Video 24,lAHyvTE1BOE,Oct. 7‚ÄîIsraeli Navy ‚ÄòSnapir‚Äò Unit Prevents Hamas Sea Infiltration,Israel Defense Forces,Ugxnl31pgOZjkaQePN14AaABAg.A-qspxhQGSCA0K3GHpjZPX,Another brainwashed jihadists go learn history Ahmed .,Ugxnl31pgOZjkaQePN14AaABAg,user 808,UCHM71I5EgoMoYaU6mh-MizQ,1,2024-03-20,0.0,1.0,0.0,0.0,0.039900176,0.2105432,0.024875844,0.843323052,0.66332406,0.099087484,0.005111271,neutral,neutral,0.017689213,en,Another brainwashed jihadists go learn history Ahmed .,neutral,neutral,False,False
Video 24,lAHyvTE1BOE,Oct. 7‚ÄîIsraeli Navy ‚ÄòSnapir‚Äò Unit Prevents Hamas Sea Infiltration,Israel Defense Forces,UgyLXnGNN7XRsEMGWs94AaABAg.9wGA1Wo7u0Z9wIQ5goHNtZ,I think so,UgyLXnGNN7XRsEMGWs94AaABAg,user 8820,UCqHEK1aLVs7w_2RklqtGEzA,1,2024-03-20,0.0,1.0,0.0,0.0,0.527122796,0.013967971,0.004203419,0.083820246,0.92645025,0.190926716,0.028960068,neutral,neutral,0.19813024,en,I think so,neutral,neutral,False,True
Video 24,lAHyvTE1BOE,Oct. 7‚ÄîIsraeli Navy ‚ÄòSnapir‚Äò Unit Prevents Hamas Sea Infiltration,Israel Defense Forces,UgweJmgnn5qMTDIhTxZ4AaABAg.9w3-zL1I8YjAF-2BOHEPTx,‚ù§,UgweJmgnn5qMTDIhTxZ4AaABAg,user 55,UCxHWTaDQGpRD_yNm_5OeDKQ,0,2025-02-27,0.0,0.192,0.808,0.6369,0.035741206,0.08336075,0.037490796,0.021757718,0.78852654,0.033251945,0.015980711,neutral,positive,0.90924907,error,‚ù§,neutral,neutral,False,True
Video 24,lAHyvTE1BOE,Oct. 7‚ÄîIsraeli Navy ‚ÄòSnapir‚Äò Unit Prevents Hamas Sea Infiltration,Israel Defense Forces,UgxenZndD9esdxJqsht4AaABAg.9vt6b3cCwV89vt7G7DUCuX,Huge Respect to you from üá¨üáß,UgxenZndD9esdxJqsht4AaABAg,user 4,UC2lhwPBh2i-1mqMqo3q09iQ,0,2024-03-20,0.0,0.426,0.574,0.6597,0.151592299,0.22955231,0.020143261,0.086712413,0.31067282,0.027469471,0.004749372,neutral,positive,0.73422575,en,Huge Respect to you from üá¨üáß,neutral,neutral,False,False
Video 26,5hFRo19afmU,IDF shows journalists raw footage of the October 7 Hamas terror attack,NBC News,Ugx1L8tvsPb3RJktOqh4AaABAg.AB5_cckxZi9ABQqPp-PqAV,"Il mondo sta con la Palestina adesso. Il mondo odia Israele e fidati, sono tantissimi che il 7 Ottobre 2024 hanno festeggiato, me compreso (perch√© hanno capito la verit√†). Gli italiani (purtroppo non tutto il governo) stanno con la Palestina",Ugx1L8tvsPb3RJktOqh4AaABAg,user 583,UC2kWl1ASswv3kb8FSD0LRZA,0,2024-12-20,0.0,1.0,0.0,0.0,0.093213364,0.024123149,0.046144057,0.073106252,0.65080816,0.063620999,0.12765111,neutral,neutral,0.7700594,it,"The world is with Palestine now. The world hates Israel and trusted, there are many that on October 7, 2024 they celebrated, understood me (because they understood the truth). The Italians (unfortunately not the whole government) are with Palestine",neutral,neutral,False,True
Video 26,5hFRo19afmU,IDF shows journalists raw footage of the October 7 Hamas terror attack,NBC News,Ugx4d_Qh933QWlMO6iV4AaABAg.A1zuIOdk-xXA3d4S3iThW4,Only Muslims/palestinazis supporters with IQ level around 30 will deny the October 7th events,Ugx4d_Qh933QWlMO6iV4AaABAg,user 585,UCtrVDGWeKhQRK0rjMbF4jrQ,0,2024-06-20,0.139,0.694,0.168,0.128,0.082577512,0.003967955,0.00206152,0.839943469,0.9255289,0.0554603,0.037275333,neutral,positive,0.022018714,en,Only Muslims/palestinazis supporters with IQ level around 30 will deny the October 7th events,neutral,neutral,False,True
Video 26,5hFRo19afmU,IDF shows journalists raw footage of the October 7 Hamas terror attack,NBC News,Ugz9VqtUvJV9jnGJH5J4AaABAg.A04PS9_iHF8A093d3HII7f,"Dude they recorded themselves doing all of that. What other ""fact"" you need?",Ugz9VqtUvJV9jnGJH5J4AaABAg,user 30,UC8PhXy1UKJ1LNg4nUH7HLRg,3,2024-03-20,0.0,1.0,0.0,0.0,0.017636817,0.29484105,0.005295108,0.937854826,0.37418142,0.022545788,0.10172767,neutral,neutral,0.02196248,en,"Dude they recorded themselves doing all of that. What other ""fact"" you need?",neutral,neutral,False,True
Video 26,5hFRo19afmU,IDF shows journalists raw footage of the October 7 Hamas terror attack,NBC News,UgyIq7SCoFajuigPOkF4AaABAg.9wJN6cR7fjlA3d4YrWrTEL,"Muslims/palestinazis,  no wonder",UgyIq7SCoFajuigPOkF4AaABAg,user 585,UCtrVDGWeKhQRK0rjMbF4jrQ,0,2024-06-20,0.524,0.476,0.0,-0.296,0.081149936,0.004483111,0.002477514,0.625934243,0.16295667,0.13055107,0.7867858,surprise,negative,0.16236483,nl,"Muslims/palestinazis,  no wonder",neutral,neutral,False,True
Video 27,0Hx8D913AHE,Terrorist attack in Sri Lanka leaves more than 200 dead,ABC News,UgxlhKrOFHgu26iiLwN4AaABAg.9t8PcjyeC_BADhBAX3iCW8,‚Äã¬†TheBasedDude¬†pdofile brahma rap**d saraswati üòÇ,UgxlhKrOFHgu26iiLwN4AaABAg,user 4651,UC6pPTonQbFeRAcL0gNQjB-w,0,2025-02-20,0.129,0.612,0.259,0.4404,0.057136077,0.034701258,0.39757055,0.254846573,0.11735663,0.123098724,0.011371609,fear,positive,0.56491864,id,Thebesdude pdofile brahma rap**d saraswati üòÇ,negative,neutral,True,False
Video 27,0Hx8D913AHE,Terrorist attack in Sri Lanka leaves more than 200 dead,ABC News,UgxEu6kip8Si93HoK7R4AaABAg.8u0TUhgtCQk9878BhgiE1y,¬†Live Peace¬† ok i wont tell you anthing but when i read this comments i can't help not saying anything. can i ask you a question? did you die and had experience about that? how do you say that? actually we  can't say anything about any religion. but sorry for saying this.,UgxEu6kip8Si93HoK7R4AaABAg,user 16176,UClBwPYpF_2rRdOibPSi87xA,0,2021-03-20,0.167,0.77,0.063,-0.8114,0.032799173,0.004291457,0.003429977,0.739508092,0.035417788,0.219377562,0.04301748,sadness,negative,0.008315164,en,¬†Live Peace¬† ok i wont tell you anthing but when i read this comments i can't help not saying anything. can i ask you a question? did you die and had experience about that? how do you say that? actually we  can't say anything about any religion. but sorry for saying this.,negative,neutral,True,False
Video 27,0Hx8D913AHE,Terrorist attack in Sri Lanka leaves more than 200 dead,ABC News,UgxEu6kip8Si93HoK7R4AaABAg.8u0TUhgtCQk9878J0VkLzZ,¬†@mochii9885¬† who knows maybe,UgxEu6kip8Si93HoK7R4AaABAg,user 16176,UClBwPYpF_2rRdOibPSi87xA,0,2021-03-20,0.0,1.0,0.0,0.0,0.25177291,0.009459186,0.005449442,0.071662851,0.7551359,0.289332926,0.19345212,neutral,neutral,0.38723126,en,¬†@mochii9885¬† who knows maybe,neutral,neutral,False,True
Video 27,0Hx8D913AHE,Terrorist attack in Sri Lanka leaves more than 200 dead,ABC News,UgxEu6kip8Si93HoK7R4AaABAg.8u0TUhgtCQk9878Mbp5yOQ,maybe it can be true or false,UgxEu6kip8Si93HoK7R4AaABAg,user 16176,UClBwPYpF_2rRdOibPSi87xA,0,2021-03-20,0.0,0.682,0.318,0.4215,0.398269981,0.02727228,0.015211746,0.088734135,0.8903096,0.45702216,0.009442886,neutral,positive,0.055973712,en,maybe it can be true or false,neutral,neutral,False,True
Video 27,0Hx8D913AHE,Terrorist attack in Sri Lanka leaves more than 200 dead,ABC News,UgxEu6kip8Si93HoK7R4AaABAg.8u0TUhgtCQk9878bHctRra,¬†@insopanasiancuisine8098¬† You're right but stop saying fool. and i think everyone replies to these comments must know that everyone dont know about other ppl's religion. so stop judging religions.,UgxEu6kip8Si93HoK7R4AaABAg,user 16176,UClBwPYpF_2rRdOibPSi87xA,0,2021-03-20,0.295,0.705,0.0,-0.8873,0.207362667,0.012073343,0.003261167,0.733133614,0.5267383,0.044449311,0.015306607,neutral,negative,0.01505433,en,¬†@insopanasiancuisine8098¬† You're right but stop saying fool. and i think everyone replies to these comments must know that everyone dont know about other ppl's religion. so stop judging religions.,neutral,neutral,False,True
Video 28,fMRSCq1LvaY,CCTV footage shows Sri Lanka bombing suspect,AFP News Agency,UgxsQ1BRCSfRfm514RR4AaABAg,Without lies ‚úùÔ∏èumor dies,root,user 4651,UC6pPTonQbFeRAcL0gNQjB-w,1,2025-02-20,0.0,0.632,0.368,0.3252,0.249539033,0.01893123,0.025556218,0.53212887,0.22517298,0.201094985,0.002028427,sadness,positive,0.017237103,en,Without lies ‚úùÔ∏èumor dies,negative,neutral,True,False
Video 28,fMRSCq1LvaY,CCTV footage shows Sri Lanka bombing suspect,AFP News Agency,UgzB5db4GsyiLIT1h4J4AaABAg.ACvtl3kC5HjADWCFUqLatw,üòÇüòÇüòÇüòÇüòÇüòÇ,UgzB5db4GsyiLIT1h4J4AaABAg,user 4651,UC6pPTonQbFeRAcL0gNQjB-w,0,2025-02-20,0.218,0.345,0.437,0.9468,0.11315152,0.10400671,0.05136284,0.34825629,0.5494767,0.293244034,0.0787655,neutral,positive,0.24534813,error,üòÇüòÇüòÇüòÇüòÇüòÇ,neutral,neutral,False,False
Video 28,fMRSCq1LvaY,CCTV footage shows Sri Lanka bombing suspect,AFP News Agency,Ugx2S_2Euwqa6J5mnSJ4AaABAg.AAthpBuPu1HADWCSfgAlf0,üòÇüòÇüòÇüòÇüòÇüòÇ,Ugx2S_2Euwqa6J5mnSJ4AaABAg,user 4651,UC6pPTonQbFeRAcL0gNQjB-w,0,2025-02-20,0.218,0.345,0.437,0.9468,0.11315152,0.10400671,0.05136284,0.34825629,0.5494767,0.293244034,0.0787655,neutral,positive,0.24534813,error,üòÇüòÇüòÇüòÇüòÇüòÇ,neutral,neutral,False,False
Video 28,fMRSCq1LvaY,CCTV footage shows Sri Lanka bombing suspect,AFP News Agency,UgwqdBkSOsz43IbRv3t4AaABAg.A8zsTgPh3JNADrJYiWAWTg,Beyond based,UgwqdBkSOsz43IbRv3t4AaABAg,user 4651,UC6pPTonQbFeRAcL0gNQjB-w,1,2025-02-20,0.0,1.0,0.0,0.0,0.25091368,0.004319335,0.003405208,0.314560831,0.921637,0.184040323,0.039182805,neutral,neutral,0.25048524,en,Beyond based,neutral,neutral,False,False
Video 28,fMRSCq1LvaY,CCTV footage shows Sri Lanka bombing suspect,AFP News Agency,UgwzS2t1Kx_aPZjxTYh4AaABAg.A8fYr4kUCOVADhA60ATrfi,Without lies ‚úùÔ∏èumor dies,UgwzS2t1Kx_aPZjxTYh4AaABAg,user 4651,UC6pPTonQbFeRAcL0gNQjB-w,1,2025-02-20,0.0,0.632,0.368,0.3252,0.249539033,0.01893123,0.025556218,0.53212887,0.22517298,0.201094985,0.002028427,sadness,positive,0.017237103,en,Without lies ‚úùÔ∏èumor dies,negative,neutral,True,True
Video 28,fMRSCq1LvaY,CCTV footage shows Sri Lanka bombing suspect,AFP News Agency,UgyM0A1kGRDiM1KWU6p4AaABAg.A6TmgYAnqIUADWCk5SCQRk,‚Äã¬†@algerian_ex_christian¬†üòÇüòÇüòÇüòÇüòÇ,UgyM0A1kGRDiM1KWU6p4AaABAg,user 4651,UC6pPTonQbFeRAcL0gNQjB-w,1,2025-02-20,0.213,0.36,0.427,0.926,0.083601341,0.1024944,0.47288775,0.212979719,0.1399856,0.232148409,0.004118928,fear,positive,0.47127053,en,‚Äã¬†@algerian_ex_christian¬†üòÇüòÇüòÇüòÇüòÇ,negative,neutral,True,True
Video 28,fMRSCq1LvaY,CCTV footage shows Sri Lanka bombing suspect,AFP News Agency,UgyM0A1kGRDiM1KWU6p4AaABAg.A6TmgYAnqIUADWCsAA-7_K,"How many christians are in Syria, Egypt and north Africa today? üòÇü§£ü§£ü§£",UgyM0A1kGRDiM1KWU6p4AaABAg,user 4651,UC6pPTonQbFeRAcL0gNQjB-w,1,2025-02-20,0.046,0.63,0.324,0.91,0.476031542,0.020574048,0.08734376,0.07615529,0.7038199,0.239598706,0.14097556,neutral,positive,0.20821446,en,"How many christians are in Syria, Egypt and north Africa today? üòÇü§£ü§£ü§£",neutral,neutral,False,False
Video 28,fMRSCq1LvaY,CCTV footage shows Sri Lanka bombing suspect,AFP News Agency,UgxznHBPqhL0cHFcOxV4AaABAg.A3kOYJ94-s-ADWCyRshvyr,‚Äã¬†@WilliamLi-nd4lz¬†‚úùÔ∏èumor,UgxznHBPqhL0cHFcOxV4AaABAg,user 4651,UC6pPTonQbFeRAcL0gNQjB-w,1,2025-02-20,0.0,1.0,0.0,0.0,0.067900836,0.015397368,0.026561761,0.469738603,0.83568704,0.161710724,0.017708551,neutral,neutral,0.3006498,sw,‚Äã¬†@WilliamLi-nd4lz¬†‚úùÔ∏èumor,neutral,neutral,False,False
Video 28,fMRSCq1LvaY,CCTV footage shows Sri Lanka bombing suspect,AFP News Agency,Ugxpjyh6HwDlnnt9etF4AaABAg.A2YGpvxp91YADWD-rwPRQ7,‚úùÔ∏èumor praise cheesus crust üßÄ ramen üôèüçú,Ugxpjyh6HwDlnnt9etF4AaABAg,user 4651,UC6pPTonQbFeRAcL0gNQjB-w,1,2025-02-20,0.0,0.753,0.247,0.5574,0.034879472,0.010426354,0.031454235,0.046347044,0.090979286,0.025890978,0.005396469,joy,positive,0.8928825,fr,‚úùÔ∏èumor praise cheesus crust üßÄ ramen üôèüçú,positive,neutral,True,True
Video 28,fMRSCq1LvaY,CCTV footage shows Sri Lanka bombing suspect,AFP News Agency,Ugz6skx29BeHUDIKfhJ4AaABAg.A2NGGyYyuhBADWD4RxrKrO,‚úùÔ∏èumor,Ugz6skx29BeHUDIKfhJ4AaABAg,user 4651,UC6pPTonQbFeRAcL0gNQjB-w,1,2025-02-20,0.0,1.0,0.0,0.0,0.053962991,0.09262275,0.018860878,0.846313,0.8137096,0.082586542,0.005713887,neutral,neutral,0.017137524,pt,‚úùÔ∏èUME,neutral,neutral,False,False
Video 28,fMRSCq1LvaY,CCTV footage shows Sri Lanka bombing suspect,AFP News Agency,UgzmvOgdBn-AbGmtdyB4AaABAg.9C23wGNgohyA7Ivp12MOji,üòÇüòÇüòÇüòÇüòÇüòÇüòÇüòÇüòÇ,UgzmvOgdBn-AbGmtdyB4AaABAg,user 4651,UC6pPTonQbFeRAcL0gNQjB-w,1,2024-08-20,0.218,0.345,0.437,0.9753,0.11315152,0.10400671,0.05136284,0.34825629,0.5494767,0.293244034,0.0787655,neutral,positive,0.24534813,error,üòÇüòÇüòÇüòÇüòÇüòÇüòÇüòÇüòÇ,neutral,neutral,False,True
Video 28,fMRSCq1LvaY,CCTV footage shows Sri Lanka bombing suspect,AFP News Agency,Ugw13KcoQCv60kAD1Kp4AaABAg.8uxckLMJE15A7Iw0tBkfim,"‚Äã¬†@Philp_who¬†it's not, read history and what happened in the Americas, Africa, Asia and Australia",Ugw13KcoQCv60kAD1Kp4AaABAg,user 4651,UC6pPTonQbFeRAcL0gNQjB-w,2,2024-08-20,0.0,1.0,0.0,0.0,0.577108145,0.014080888,0.009023826,0.161883146,0.9064355,0.209530294,0.039345168,neutral,neutral,0.051478405,en,"‚Äã¬†@Philp_who¬†it's not, read history and what happened in the Americas, Africa, Asia and Australia",neutral,neutral,False,False
Video 28,fMRSCq1LvaY,CCTV footage shows Sri Lanka bombing suspect,AFP News Agency,Ugw13KcoQCv60kAD1Kp4AaABAg.8uxckLMJE15A9g_Outms65,¬†@yowzyghyri¬† ethnic replacement,Ugw13KcoQCv60kAD1Kp4AaABAg,user 4651,UC6pPTonQbFeRAcL0gNQjB-w,0,2024-10-20,0.0,1.0,0.0,0.0,0.064004682,0.013356166,0.006943856,0.41937387,0.89219743,0.387955546,0.048926536,neutral,neutral,0.12866592,en,¬†@yowzyghyri¬† ethnic replacement,neutral,neutral,False,False
Video 28,fMRSCq1LvaY,CCTV footage shows Sri Lanka bombing suspect,AFP News Agency,Ugw13KcoQCv60kAD1Kp4AaABAg.8uxckLMJE15A9g_Qepr_kI,¬†@yowzyghyri¬† gen0c!de,Ugw13KcoQCv60kAD1Kp4AaABAg,user 4651,UC6pPTonQbFeRAcL0gNQjB-w,0,2024-10-20,0.0,1.0,0.0,0.0,0.088329405,0.003240599,0.003192431,0.211380646,0.57791805,0.099120446,0.30601257,neutral,neutral,0.6011695,cy,@yowzyghyri¬† gen0c!de,neutral,neutral,False,False
Video 28,fMRSCq1LvaY,CCTV footage shows Sri Lanka bombing suspect,AFP News Agency,Ugx1qGuu9cxM0vgKVUl4AaABAg.8uAd-xPbgKhADWC-P7fkcw,Without lies ‚úùÔ∏èumor dies,Ugx1qGuu9cxM0vgKVUl4AaABAg,user 4651,UC6pPTonQbFeRAcL0gNQjB-w,0,2025-02-20,0.0,0.632,0.368,0.3252,0.249539033,0.01893123,0.025556218,0.53212887,0.22517298,0.201094985,0.002028427,sadness,positive,0.017237103,en,Without lies ‚úùÔ∏èumor dies,negative,neutral,True,True
Video 28,fMRSCq1LvaY,CCTV footage shows Sri Lanka bombing suspect,AFP News Agency,UgxzRKoyFhvrpWwBMLZ4AaABAg.8uALN6NY9YnADWCC3FdK5o,‚úùÔ∏èumor,UgxzRKoyFhvrpWwBMLZ4AaABAg,user 4651,UC6pPTonQbFeRAcL0gNQjB-w,0,2025-02-20,0.0,1.0,0.0,0.0,0.053962991,0.09262275,0.018860878,0.846313,0.8137096,0.082586542,0.005713887,neutral,neutral,0.017137524,pt,‚úùÔ∏èUME,neutral,neutral,False,False
Video 28,fMRSCq1LvaY,CCTV footage shows Sri Lanka bombing suspect,AFP News Agency,UgyAPNqL-JshGQWupr14AaABAg.8u9XWsSOW78ABJ9_8PIn24,¬†@aryanjha275¬†poojeet,UgyAPNqL-JshGQWupr14AaABAg,user 4651,UC6pPTonQbFeRAcL0gNQjB-w,0,2024-12-20,0.0,1.0,0.0,0.0,0.027071256,0.011340718,0.00530958,0.052194003,0.78862464,0.050939582,0.10823132,neutral,neutral,0.86979514,hr,@aryanjha275 pojeet,neutral,neutral,False,True
Video 28,fMRSCq1LvaY,CCTV footage shows Sri Lanka bombing suspect,AFP News Agency,Ugwx3bDogzeDgTgJYHV4AaABAg.8u8jPVqOZyRA7IwuYMtiqP,üòÇüòÇüòÇüòÇüòÇüòÇüòÇ,Ugwx3bDogzeDgTgJYHV4AaABAg,user 4651,UC6pPTonQbFeRAcL0gNQjB-w,0,2024-08-20,0.218,0.345,0.437,0.9601,0.11315152,0.10400671,0.05136284,0.34825629,0.5494767,0.293244034,0.0787655,neutral,positive,0.24534813,error,üòÇüòÇüòÇüòÇüòÇüòÇüòÇ,neutral,neutral,False,True
Video 29,sYYkXszeOrc,Sri Lanka blasts: More than 200 dead in bombings across country,CNN,UgzC1XSh4UPwBHRh-wR4AaABAg,Without lies ‚úùÔ∏èumor dies,root,user 4651,UC6pPTonQbFeRAcL0gNQjB-w,0,2025-02-20,0.0,0.632,0.368,0.3252,0.249539033,0.01893123,0.025556218,0.53212887,0.22517298,0.201094985,0.002028427,sadness,positive,0.017237103,en,Without lies ‚úùÔ∏èumor dies,negative,negative,False,False
Video 29,sYYkXszeOrc,Sri Lanka blasts: More than 200 dead in bombings across country,CNN,UgzylcHyDyNcGPCUYwl4AaABAg.9_aQD8EJuUu9a70Ph8J89C,yall missing the whole point just because of gota. dont be like those ignorant idiots. Isis is BEHIND the attacks and it happened BECAUSE of those ignorant idiots,UgzylcHyDyNcGPCUYwl4AaABAg,user 16176,UClBwPYpF_2rRdOibPSi87xA,0,2023-03-20,0.332,0.668,0.0,-0.8559,0.012889457,0.02021778,0.006505819,0.973029494,0.48978618,0.009669238,0.015526464,neutral,negative,0.004411679,en,yall missing the whole point just because of gota. dont be like those ignorant idiots. Isis is BEHIND the attacks and it happened BECAUSE of those ignorant idiots,neutral,negative,True,True
Video 31,3wfRIlsnl3g,CCTV footage of Sri Lanka suicide bombing suspects,CNA,UgxHkMpeGDexD5cGHCt4AaABAg.9ivYH4lzDw99krBm7i9fkg,Bln hitpn,UgxHkMpeGDexD5cGHCt4AaABAg,user 16176,UClBwPYpF_2rRdOibPSi87xA,0,2023-03-20,0.0,1.0,0.0,0.0,0.047104556,0.008611158,0.003456353,0.101955727,0.34506178,0.14621228,0.254785,sadness,neutral,0.7047275,de,Bln hitpn,negative,neutral,True,True
Video 31,3wfRIlsnl3g,CCTV footage of Sri Lanka suicide bombing suspects,CNA,UgxVv5DKQalP0GjJTXV4AaABAg.9alPHdB-c2e9bbJ5UKwnpG,yes they released some üò§,UgxVv5DKQalP0GjJTXV4AaABAg,user 16176,UClBwPYpF_2rRdOibPSi87xA,0,2023-03-20,0.0,0.748,0.252,0.4019,0.030082637,0.012303888,0.022373099,0.026715785,0.9051668,0.019518277,0.018920438,neutral,positive,0.9236833,en,yes they released some üò§,neutral,neutral,False,False
Video 31,3wfRIlsnl3g,CCTV footage of Sri Lanka suicide bombing suspects,CNA,UgysRsEX_oGOQkMIrdh4AaABAg.9aVTBAmuq-e9bbJ9LAtsa5,oh yeah partnership with isis?,UgysRsEX_oGOQkMIrdh4AaABAg,user 16176,UClBwPYpF_2rRdOibPSi87xA,0,2023-03-20,0.0,0.645,0.355,0.296,0.136873141,0.003591345,0.002707413,0.101675689,0.03791035,0.056603212,0.9331602,surprise,positive,0.704848,en,oh yeah partnership with isis?,neutral,neutral,False,True
Video 31,3wfRIlsnl3g,CCTV footage of Sri Lanka suicide bombing suspects,CNA,UgxVonAoCtiyOfkg0pV4AaABAg.9a16Y5kddQq9a708_B0o7Y,no this is just a work of isis bc of our ignrant idiots,UgxVonAoCtiyOfkg0pV4AaABAg,user 16176,UClBwPYpF_2rRdOibPSi87xA,0,2023-03-20,0.155,0.845,0.0,-0.296,0.009195993,0.08745561,0.003339879,0.975832462,0.81191385,0.009400656,0.014278397,neutral,negative,0.005570985,en,no this is just a work of isis bc of our ignrant idiots,neutral,neutral,False,False
Video 31,3wfRIlsnl3g,CCTV footage of Sri Lanka suicide bombing suspects,CNA,UgyquVIeWf8I180MBkl4AaABAg.9_j8kW0t8mX9_kXYSNPB7-,huh?,UgyquVIeWf8I180MBkl4AaABAg,user 16176,UClBwPYpF_2rRdOibPSi87xA,0,2023-03-20,0.0,1.0,0.0,0.0,0.03374429,0.025175791,0.006164106,0.195285007,0.053244278,0.677641153,0.8897085,surprise,neutral,0.09332957,vi,huh?,neutral,neutral,False,True
Video 31,3wfRIlsnl3g,CCTV footage of Sri Lanka suicide bombing suspects,CNA,UgwXvrdnMtHORe4luXV4AaABAg.9ZEzBK8Bn4Q9_kXkc4oeNp,Its rude to but once after these incidents i saw  a muslim with a giant bag. im srilanka so i was kinda scared. I was in a bus an dit didnt move. üòÖüòÖ,UgwXvrdnMtHORe4luXV4AaABAg,user 16176,UClBwPYpF_2rRdOibPSi87xA,1,2023-03-20,0.171,0.761,0.069,-0.5894,0.019249676,0.001103375,0.99029607,0.769143105,0.000642611,0.196648777,0.001860634,fear,negative,0.014958409,en,Its rude to but once after these incidents i saw  a muslim with a giant bag. im srilanka so i was kinda scared. I was in a bus an dit didnt move. üòÖüòÖ,negative,neutral,True,True
Video 31,3wfRIlsnl3g,CCTV footage of Sri Lanka suicide bombing suspects,CNA,UgwCGwqCWCUeXZXv3ux4AaABAg.9X6_uvDERBV9_kXuAJV3m0,no thats a pointer üòÇüòÇüòÇüòÇ,UgwCGwqCWCUeXZXv3ux4AaABAg,user 16176,UClBwPYpF_2rRdOibPSi87xA,0,2023-03-20,0.245,0.375,0.38,0.8555,0.047105175,0.13006458,0.21968317,0.553266585,0.48067558,0.331539392,0.027140921,neutral,positive,0.06808885,en,no thats a pointer üòÇüòÇüòÇüòÇ,neutral,neutral,False,False
Video 31,3wfRIlsnl3g,CCTV footage of Sri Lanka suicide bombing suspects,CNA,UgzDMRR6OIqGnI2P0ix4AaABAg.9VKoJ9R8qlJ9_kY2jB2yB5,They've seen that before???? Nope. These bomb attacks take place at the same time. not same but one incident after another. These ppl never witnessed suicide bombera in rl how woud they know an dcare,UgzDMRR6OIqGnI2P0ix4AaABAg,user 16176,UClBwPYpF_2rRdOibPSi87xA,1,2023-03-20,0.0,0.774,0.226,0.8542,0.024640407,0.00392543,0.003954884,0.8902421,0.059948616,0.07980448,0.9138906,surprise,positive,0.005312943,en,They've seen that before???? Nope. These bomb attacks take place at the same time. not same but one incident after another. These ppl never witnessed suicide bombera in rl how woud they know an dcare,neutral,neutral,False,False
Video 31,3wfRIlsnl3g,CCTV footage of Sri Lanka suicide bombing suspects,CNA,Ugy6qtc-U-oHHKfSQYN4AaABAg.9UdG4etRGLw9_kY9yVtbG7,I'm thankful bc im buddhist,Ugy6qtc-U-oHHKfSQYN4AaABAg,user 16176,UClBwPYpF_2rRdOibPSi87xA,1,2023-03-20,0.0,0.519,0.481,0.5719,0.704359651,0.003262282,0.001524362,0.025465898,0.06705498,0.042043854,0.023926666,joy,positive,0.2281306,en,I'm thankful bc im buddhist,positive,neutral,True,False
Video 31,3wfRIlsnl3g,CCTV footage of Sri Lanka suicide bombing suspects,CNA,UgxK4Y3krxAniXeoY1V4AaABAg.9Hc1Hf3m_t59_kYOzU7LnT,one thing i noticed some of them are brainwashed but most of them are from evil families. They teach their kids the same. Thankfully those ppl in srilanka died from bomb. Bc they were scared and suicided,UgxK4Y3krxAniXeoY1V4AaABAg,user 16176,UClBwPYpF_2rRdOibPSi87xA,0,2023-03-20,0.349,0.583,0.067,-0.9549,0.046537131,0.014292994,0.6405342,0.334316254,0.071785785,0.607748806,0.047375828,fear,negative,0.011397795,en,one thing i noticed some of them are brainwashed but most of them are from evil families. They teach their kids the same. Thankfully those ppl in srilanka died from bomb. Bc they were scared and suicided,negative,neutral,True,False
Video 31,3wfRIlsnl3g,CCTV footage of Sri Lanka suicide bombing suspects,CNA,UgxogAIGIGR2dtxwDwV4AaABAg.9EyJ0lwvdxa9bbIt_MbMzx,¬†@sahaba2251¬† forgive or not karma wont stop but i do wish everyone ymto go inthe right path,UgxogAIGIGR2dtxwDwV4AaABAg,user 16176,UClBwPYpF_2rRdOibPSi87xA,0,2023-03-20,0.068,0.669,0.263,0.5819,0.854961932,0.007898551,0.002249129,0.087073416,0.080053106,0.039887533,0.008986491,sadness,positive,0.018077157,en,¬†@sahaba2251¬† forgive or not karma wont stop but i do wish everyone ymto go inthe right path,negative,neutral,True,False
Video 31,3wfRIlsnl3g,CCTV footage of Sri Lanka suicide bombing suspects,CNA,UgxogAIGIGR2dtxwDwV4AaABAg.9EyJ0lwvdxa9bbrqArc4VE,¬†@sahaba2251¬† im not christian neither muslim,UgxogAIGIGR2dtxwDwV4AaABAg,user 16176,UClBwPYpF_2rRdOibPSi87xA,0,2023-03-20,0.0,1.0,0.0,0.0,0.079072356,0.00053105,0.002586201,0.487460136,0.050550323,0.345273942,0.04337601,sadness,neutral,0.08819353,en,¬†@sahaba2251¬† im not christian neither muslim,negative,neutral,True,False
Video 31,3wfRIlsnl3g,CCTV footage of Sri Lanka suicide bombing suspects,CNA,UgzppRnaJbp-OgpeZ_B4AaABAg.9C-o_wU-Jlb9Rr_33pgnhX,Since I live in srilanka I always stay alert,UgzppRnaJbp-OgpeZ_B4AaABAg,user 16176,UClBwPYpF_2rRdOibPSi87xA,0,2022-03-20,0.0,0.784,0.216,0.296,0.49200508,0.00279162,0.38146943,0.128533632,0.5102689,0.113318801,0.031569775,neutral,positive,0.26614246,en,Since I live in srilanka I always stay alert,neutral,neutral,False,True
Video 31,3wfRIlsnl3g,CCTV footage of Sri Lanka suicide bombing suspects,CNA,Ugw6J33XGdemvldAXZ54AaABAg.94LofTqcvsy9RrZtkwz41v,Lol did you know the leader suicide bomb in his house and his son and wife remained. There relatives died as well. But his wife and son was hurt and they were taken to the hospital and she sai dsh ewould never do it again bc she knows how it feels lolll,Ugw6J33XGdemvldAXZ54AaABAg,user 16176,UClBwPYpF_2rRdOibPSi87xA,0,2022-03-20,0.192,0.752,0.056,-0.8519,0.009652937,0.004977245,0.005605382,0.081114374,0.026430888,0.889380932,0.013928929,sadness,negative,0.019851757,en,Lol did you know the leader suicide bomb in his house and his son and wife remained. There relatives died as well. But his wife and son was hurt and they were taken to the hospital and she sai dsh ewould never do it again bc she knows how it feels lolll,negative,neutral,True,False
Video 31,3wfRIlsnl3g,CCTV footage of Sri Lanka suicide bombing suspects,CNA,UgzsBPWPO4IDfkjQW8p4AaABAg.8vGaveLcVWY9YcxG7BK0ky,Guys let me say something.one of the terrorists who was in a hotel his bomb didn't went off. So he went to the mosque and pray and came back and bombed. So the terrorist is one the isis and isis follow different type of Islam. Why does he pray there then ü§îü§îü§îü§îü§îü§î,UgzsBPWPO4IDfkjQW8p4AaABAg,user 16176,UClBwPYpF_2rRdOibPSi87xA,0,2022-03-20,0.164,0.775,0.061,-0.8651,0.027752684,0.09906659,0.2579972,0.930948853,0.29590952,0.034034707,0.05384467,neutral,negative,0.007263836,en,Guys let me say something.one of the terrorists who was in a hotel his bomb didn't went off. So he went to the mosque and pray and came back and bombed. So the terrorist is one the isis and isis follow different type of Islam. Why does he pray there then ü§îü§îü§îü§îü§îü§î,neutral,neutral,False,False
Video 31,3wfRIlsnl3g,CCTV footage of Sri Lanka suicide bombing suspects,CNA,UgzsBPWPO4IDfkjQW8p4AaABAg.8vGaveLcVWY9_kXORph3i2,its better they didnt. Or else it be very painful.,UgzsBPWPO4IDfkjQW8p4AaABAg,user 16176,UClBwPYpF_2rRdOibPSi87xA,0,2023-03-20,0.227,0.568,0.206,-0.0754,0.076153025,0.01369091,0.02206162,0.394275516,0.056027077,0.513088882,0.008502428,sadness,neutral,0.016482621,en,its better they didnt. Or else it be very painful.,negative,neutral,True,True
Video 31,3wfRIlsnl3g,CCTV footage of Sri Lanka suicide bombing suspects,CNA,UgzsBPWPO4IDfkjQW8p4AaABAg.8vGaveLcVWY9_kXSzJp7I8,¬†@ishini.a2831¬† chill thats  atroll,UgzsBPWPO4IDfkjQW8p4AaABAg,user 16176,UClBwPYpF_2rRdOibPSi87xA,0,2023-03-20,0.0,1.0,0.0,0.0,0.077276252,0.001631636,0.000860342,0.200007409,0.15331216,0.546185613,0.022831248,joy,neutral,0.17653076,en,¬†@ishini.a2831¬† chill thats  atroll,positive,neutral,True,True
Video 31,3wfRIlsnl3g,CCTV footage of Sri Lanka suicide bombing suspects,CNA,UgwCxePa_Jm0gqlai-N4AaABAg.8uPOAZXVFS69SIc4lCbQes,Poor leader of them. They suicide bombed themselves (with his relatives). But his son and wife didn't die. After they were taken to the hospital she said I dont believe it in anymore. And it hurts alot. lol. They feel it now üòÖ,UgwCxePa_Jm0gqlai-N4AaABAg,user 16176,UClBwPYpF_2rRdOibPSi87xA,0,2022-03-20,0.149,0.665,0.186,0.4971,0.005160293,0.05081393,0.024279369,0.013673618,0.020220999,0.974906147,0.004172357,sadness,positive,0.00625991,en,Poor leader of them. They suicide bombed themselves (with his relatives). But his son and wife didn't die. After they were taken to the hospital she said I dont believe it in anymore. And it hurts alot. lol. They feel it now üòÖ,negative,neutral,True,True
Video 35,8tmO14S7k8E,Security Footage Shows Moment of Sri Lanka Blast,Voice of America,Ugz4TFScvFov__DIkoV4AaABAg,Based üòÇ,root,user 4651,UC6pPTonQbFeRAcL0gNQjB-w,1,2025-02-20,0.196,0.412,0.392,0.4404,0.097746573,0.06314421,0.09550122,0.295656443,0.7242775,0.236419976,0.012033321,neutral,positive,0.3701771,en,Based üòÇ,neutral,neutral,False,False
Video 35,8tmO14S7k8E,Security Footage Shows Moment of Sri Lanka Blast,Voice of America,Ugz4TFScvFov__DIkoV4AaABAg.ADWBloRdntKAEI2lrlw_Yk,‚Äã@sanukatharul1497paajeet üòÇüòÇüòÇ,Ugz4TFScvFov__DIkoV4AaABAg,user 4651,UC6pPTonQbFeRAcL0gNQjB-w,0,2025-02-20,0.21,0.369,0.421,0.8271,0.083601341,0.1024944,0.47288775,0.212979719,0.1399856,0.232148409,0.004118928,fear,positive,0.47127053,fi,@Sanukatharul1497paajeet,negative,neutral,True,True
Video 35,8tmO14S7k8E,Security Footage Shows Moment of Sri Lanka Blast,Voice of America,UgxYQ8br4i7cvldBJxV4AaABAg.ABp5FgJrXkSADWBMSPRfFc,‚úùÔ∏èumor üòÇü§£ü§£ü§£,UgxYQ8br4i7cvldBJxV4AaABAg,user 4651,UC6pPTonQbFeRAcL0gNQjB-w,1,2025-02-20,0.059,0.526,0.415,0.91,0.045500416,0.046258464,0.73866874,0.856735587,0.07348721,0.081817083,0.003231581,fear,positive,0.01594694,pt,‚úùÔ∏èUME üòÇü§£ü§£ü§£,negative,neutral,True,True
Video 35,8tmO14S7k8E,Security Footage Shows Moment of Sri Lanka Blast,Voice of America,Ugy3ryY8XPaTN6_1-5R4AaABAg.ABkHxyS024DADWBAXqMX5m,üòÇüòÇüòÇüòÇüòÇüòÇüòÇüòÇüòÇüòÇüòÇüòÇüòÇüòÇüòÇüòÇüòÇüòÇ,Ugy3ryY8XPaTN6_1-5R4AaABAg,user 4651,UC6pPTonQbFeRAcL0gNQjB-w,0,2025-02-20,0.218,0.345,0.437,0.9936,0.11315152,0.10400671,0.05136284,0.34825629,0.5494767,0.293244034,0.0787655,neutral,positive,0.24534813,error,üòÇüòÇüòÇüòÇüòÇüòÇüòÇüòÇüòÇüòÇüòÇüòÇüòÇüòÇüòÇüòÇüòÇüòÇ,neutral,neutral,False,False
Video 35,8tmO14S7k8E,Security Footage Shows Moment of Sri Lanka Blast,Voice of America,UgxiIkeIjp4JCsQ35MN4AaABAg.A8zsFdEhT-_ADh662-63hH,Based Muslims,UgxiIkeIjp4JCsQ35MN4AaABAg,user 4651,UC6pPTonQbFeRAcL0gNQjB-w,0,2025-02-20,0.0,1.0,0.0,0.0,0.25780943,0.005660484,0.003652075,0.465148598,0.94043934,0.125624329,0.01736948,neutral,neutral,0.1514176,et,Based Muslims,neutral,neutral,False,True
Video 35,8tmO14S7k8E,Security Footage Shows Moment of Sri Lanka Blast,Voice of America,UgzKV26ui9H9pw-Al6B4AaABAg.A4DGx2acLKBADWBIaWkTYO,Praise cheesus crust üßÄ and the holy sprite üçª ramen üôèüí©‚úùÔ∏èüí©,UgzKV26ui9H9pw-Al6B4AaABAg,user 4651,UC6pPTonQbFeRAcL0gNQjB-w,0,2025-02-20,0.0,0.859,0.141,0.5574,0.197945535,0.000826098,0.000870342,0.036012273,0.02655224,0.024618385,0.009040521,joy,positive,0.7414238,en,Praise cheesus crust üßÄ and the holy sprite üçª ramen üôèüí©‚úùÔ∏èüí©,positive,neutral,True,True
Video 35,8tmO14S7k8E,Security Footage Shows Moment of Sri Lanka Blast,Voice of America,UgyCXbTN8MFYplMWI4x4AaABAg.A2Ka1itcYIWADWB299YPSN,‚úùÔ∏èumor,UgyCXbTN8MFYplMWI4x4AaABAg,user 4651,UC6pPTonQbFeRAcL0gNQjB-w,0,2025-02-20,0.0,1.0,0.0,0.0,0.053962991,0.09262275,0.018860878,0.846313,0.8137096,0.082586542,0.005713887,neutral,neutral,0.017137524,pt,‚úùÔ∏èUME,neutral,neutral,False,False
Video 35,8tmO14S7k8E,Security Footage Shows Moment of Sri Lanka Blast,Voice of America,UgwfppFWMtAunldB-aN4AaABAg.9ziI5jvOMRgADWAle6Wjqj,‚úùÔ∏èumor üòÇüòÇüòÇ,UgwfppFWMtAunldB-aN4AaABAg,user 4651,UC6pPTonQbFeRAcL0gNQjB-w,0,2025-02-20,0.203,0.391,0.406,0.8271,0.045500416,0.046258464,0.73866874,0.856735587,0.07348721,0.081817083,0.003231581,fear,positive,0.01594694,pt,‚úùÔ∏èUME üòÇüòÇüòÇ,negative,neutral,True,True
Video 35,8tmO14S7k8E,Security Footage Shows Moment of Sri Lanka Blast,Voice of America,UgymEpW2ocaJIRIwfWJ4AaABAg.9wDL5JMZDgFADWB-6OtDPC,‚úùÔ∏èumor in the name of the holy sprite üçª cheesus crust üßÄ ramen üôèüçú,UgymEpW2ocaJIRIwfWJ4AaABAg,user 4651,UC6pPTonQbFeRAcL0gNQjB-w,1,2025-02-20,0.0,1.0,0.0,0.0,0.282056302,0.0905574,0.34591267,0.135235757,0.09297931,0.050156362,0.008776376,fear,neutral,0.5325515,en,‚úùÔ∏èumor in the name of the holy sprite üçª cheesus crust üßÄ ramen üôèüçú,negative,neutral,True,False
Video 35,8tmO14S7k8E,Security Footage Shows Moment of Sri Lanka Blast,Voice of America,UgzNunC1TPHF6A_ugcl4AaABAg.9JSffWcI1CFADWB4pntArv,Without lies ‚úùÔ∏èumor dies,UgzNunC1TPHF6A_ugcl4AaABAg,user 4651,UC6pPTonQbFeRAcL0gNQjB-w,0,2025-02-20,0.0,0.632,0.368,0.3252,0.249539033,0.01893123,0.025556218,0.53212887,0.22517298,0.201094985,0.002028427,sadness,positive,0.017237103,en,Without lies ‚úùÔ∏èumor dies,negative,neutral,True,True
Video 35,8tmO14S7k8E,Security Footage Shows Moment of Sri Lanka Blast,Voice of America,UgxWH04m_1d1h-Wb2Uh4AaABAg.9EABNmJWAKIA6ZX3JY1UYg,Superpooper 2020 saar paajeet saar üáÆüá≥üöΩüí©üí™üèæ‚ôàüêè,UgxWH04m_1d1h-Wb2Uh4AaABAg,user 4651,UC6pPTonQbFeRAcL0gNQjB-w,3,2024-08-20,0.0,1.0,0.0,0.0,0.01684528,0.005197243,0.006383291,0.014788404,0.755994,0.012696164,0.028666971,neutral,neutral,0.9556703,af,Superpooper 2020 Island Paajeet Island üáÆüá≥üöΩüí©üí™üèæ‚ôàüêè,neutral,neutral,False,True
Video 35,8tmO14S7k8E,Security Footage Shows Moment of Sri Lanka Blast,Voice of America,UgxWH04m_1d1h-Wb2Uh4AaABAg.9EABNmJWAKIA7IwLk503Ym,"WOW VERY DANGEROUS SIR üò†üò† THIS WHY IM SO LUCKY LIVE IN SUPER INDIA  THE CLEANEST COUNTRY IN THE WORLD üáÆüá≥ü§ó MY INDIA IS THE REAL SUPERPOWER  ü§óüáÆüá≥ WE HAVE THE BEST INFRASTRUCTURE AND HIGHSPEED RAIL ü§óüáÆüá≥ , WE NEVER SCAM! WE GIVE RESPECT TO ALL WOMEN THEY CAN WALK SAFELY ALONE AT NIGHT AND WE HAVE CLEAN FOOD AND TOILET EVERYWHERE üáÆüá≥ü§óüöΩ, I KNOW MANY POOR PEOPLE JEALOUS WITH SUPER RICH INDIA ü§óüáÆüá≥ü§óüáÆüá≥ü§óüáÆüá≥ INDIA SUPER CLEAN",UgxWH04m_1d1h-Wb2Uh4AaABAg,user 4651,UC6pPTonQbFeRAcL0gNQjB-w,3,2024-08-20,0.141,0.416,0.443,0.9941,0.325361192,0.004772208,0.24736366,0.362538159,0.13271526,0.063217409,0.2218118,fear,positive,0.24888314,en,"WOW VERY DANGEROUS SIR üò†üò† THIS WHY IM SO LUCKY LIVE IN SUPER INDIA  THE CLEANEST COUNTRY IN THE WORLD üáÆüá≥ü§ó MY INDIA IS THE REAL SUPERPOWER  ü§óüáÆüá≥ WE HAVE THE BEST INFRASTRUCTURE AND HIGHSPEED RAIL ü§óüáÆüá≥ , WE NEVER SCAM! WE GIVE RESPECT TO ALL WOMEN THEY CAN WALK SAFELY ALONE AT NIGHT AND WE HAVE CLEAN FOOD AND TOILET EVERYWHERE üáÆüá≥ü§óüöΩ, I KNOW MANY POOR PEOPLE JEALOUS WITH SUPER RICH INDIA ü§óüáÆüá≥ü§óüáÆüá≥ü§óüáÆüá≥ INDIA SUPER CLEAN",negative,neutral,True,True
Video 35,8tmO14S7k8E,Security Footage Shows Moment of Sri Lanka Blast,Voice of America,Ugzx21BME1JZlA9zAtF4AaABAg.97jMyEklWpdADWBOKPcIyp,üòÇüòÇüòÇüòÇüòÇüòÇüòÇüòÇ,Ugzx21BME1JZlA9zAtF4AaABAg,user 4651,UC6pPTonQbFeRAcL0gNQjB-w,0,2025-02-20,0.218,0.345,0.437,0.969,0.11315152,0.10400671,0.05136284,0.34825629,0.5494767,0.293244034,0.0787655,neutral,positive,0.24534813,error,üòÇüòÇüòÇüòÇüòÇüòÇüòÇüòÇ,neutral,neutral,False,False
Video 37,qxFIGAChur8,Parked van explodes near bombed Sri Lanka church,CityNews,Ugwm6wXEg5OZcMWXmnJ4AaABAg.9CcLT1xBdwmAFQIyHE4iBw,269,Ugwm6wXEg5OZcMWXmnJ4AaABAg,user 4651,UC6pPTonQbFeRAcL0gNQjB-w,1,2025-03-09,0.0,1.0,0.0,0.0,0.103497572,0.04512507,0.029212974,0.270133227,0.6069818,0.372236013,0.15534113,neutral,neutral,0.2541332,error,269,neutral,neutral,False,False
Video 37,qxFIGAChur8,Parked van explodes near bombed Sri Lanka church,CityNews,UgzkrSZlH_hHf9CBb-54AaABAg.8u2fqBalTpG9a6zFlxOx-2,yes,UgzkrSZlH_hHf9CBb-54AaABAg,user 16176,UClBwPYpF_2rRdOibPSi87xA,4,2023-03-20,0.0,0.0,1.0,0.4019,0.164819613,0.04169055,0.009003021,0.22500959,0.85283005,0.127992764,0.017053591,neutral,positive,0.48217794,tr,yes,neutral,neutral,False,True
Video 37,qxFIGAChur8,Parked van explodes near bombed Sri Lanka church,CityNews,UgxCTAAyDscMMluRRmt4AaABAg.8u2bQHwx4CH9a6zB3Ozu94,go tell that to isis üòÇ,UgxCTAAyDscMMluRRmt4AaABAg,user 16176,UClBwPYpF_2rRdOibPSi87xA,0,2023-03-20,0.139,0.584,0.277,0.4404,0.125504494,0.044016108,0.33011755,0.561658144,0.39718565,0.053756531,0.004213239,neutral,positive,0.2590808,en,go tell that to isis üòÇ,neutral,neutral,False,True
Video 37,qxFIGAChur8,Parked van explodes near bombed Sri Lanka church,CityNews,UgzKaaXI6FO6E8UhTqZ4AaABAg.8u1xL93GMiPAFQImAzBM7h,269 üòÇ,UgzKaaXI6FO6E8UhTqZ4AaABAg,user 4651,UC6pPTonQbFeRAcL0gNQjB-w,0,2025-03-09,0.196,0.412,0.392,0.4404,0.078808099,0.07283436,0.20035125,0.123453282,0.47826073,0.325541884,0.048382286,neutral,positive,0.47219667,error,269 üòÇ,neutral,neutral,False,True
Video 37,qxFIGAChur8,Parked van explodes near bombed Sri Lanka church,CityNews,UgxELZ8rzHqu6orGvLB4AaABAg.8u1txhzfTaTAFQIc2SvowR,3k in 2001,UgxELZ8rzHqu6orGvLB4AaABAg,user 4651,UC6pPTonQbFeRAcL0gNQjB-w,0,2025-03-09,0.0,1.0,0.0,0.0,0.077609494,0.004460449,0.008833383,0.101144396,0.6148732,0.108032368,0.2315853,neutral,neutral,0.7132138,af,3k in 2001,neutral,neutral,False,False
Video 37,qxFIGAChur8,Parked van explodes near bombed Sri Lanka church,CityNews,UgxELZ8rzHqu6orGvLB4AaABAg.8u1txhzfTaTAFQJ3CulJgG,269 üòÇ,UgxELZ8rzHqu6orGvLB4AaABAg,user 4651,UC6pPTonQbFeRAcL0gNQjB-w,0,2025-03-09,0.196,0.412,0.392,0.4404,0.078808099,0.07283436,0.20035125,0.123453282,0.47826073,0.325541884,0.048382286,neutral,positive,0.47219667,error,269 üòÇ,neutral,neutral,False,False
Video 37,qxFIGAChur8,Parked van explodes near bombed Sri Lanka church,CityNews,UgxELZ8rzHqu6orGvLB4AaABAg.8u1txhzfTaTAFRHJVM54YD,40k American kids üò≠üò≠üò≠,UgxELZ8rzHqu6orGvLB4AaABAg,user 4651,UC6pPTonQbFeRAcL0gNQjB-w,0,2025-03-10,0.508,0.492,0.0,-0.8519,0.056354459,0.036040016,0.24692684,0.118046738,0.50653434,0.122803144,0.048578255,neutral,negative,0.7027957,nl,40k American kids üò≠üò≠üò≠,neutral,neutral,False,False
Video 37,qxFIGAChur8,Parked van explodes near bombed Sri Lanka church,CityNews,UgxELZ8rzHqu6orGvLB4AaABAg.8u1txhzfTaTAFm4iEGppHA,@CanadianPatriot-rd5ly¬† 100k Syrian christians üò≠üò≠üò≠,UgxELZ8rzHqu6orGvLB4AaABAg,user 4651,UC6pPTonQbFeRAcL0gNQjB-w,0,2025-03-18,0.482,0.518,0.0,-0.8519,0.108703777,0.028865594,0.42104435,0.068997242,0.10798519,0.059673902,0.06471528,fear,negative,0.762625,en,@CanadianPatriot-rd5ly¬† 100k Syrian christians üò≠üò≠üò≠,negative,neutral,True,True
Video 46,eevV8cuxpJY,True scale of Assad‚Äôs slaughter revealed at Syrian mass grave,Channel 4 News,Ugxr7614sLtIDapv_ct4AaABAg,all with Russias help,root,user 4,UC2lhwPBh2i-1mqMqo3q09iQ,93,2024-12-20,0.0,0.526,0.474,0.4019,0.4167822,0.000827837,0.00342816,0.199528843,0.8397543,0.114914142,0.06273977,neutral,positive,0.26877472,en,all with Russias help,neutral,neutral,False,False
Video 61,D0lq4o2I_7U,BREAKING: Kabul Airport Under Attack,The Damage Report,Ugz6H8PJQQRC155sPrt4AaABAg,Most popular president in US history. . .,root,user 21108,UCYus2v771C5KRP7x5qZKzHQ,0,2022-03-20,0.0,0.694,0.306,0.4754,0.096646778,0.008100337,0.017052501,0.042351697,0.53992546,0.0303511,0.10723569,neutral,positive,0.8306504,en,Most popular president in US history. . .,neutral,neutral,False,False
Video 67,yC85kgIaHfg,"U.S. Marines, Afghan Civilians Killed In ISIS Attack",The Young Turks,Ugy0lNz82xT1n1SPg0J4AaABAg,Why did the Taliban and isis wait until Trump was out of office?,root,user 21108,UCYus2v771C5KRP7x5qZKzHQ,0,2022-03-20,0.0,1.0,0.0,0.0,0.022281608,0.003191498,0.043001603,0.936142921,0.70806557,0.035387374,0.18680154,neutral,neutral,0.006188217,en,Why did the Taliban and isis wait until Trump was out of office?,neutral,neutral,False,False
Video 67,yC85kgIaHfg,"U.S. Marines, Afghan Civilians Killed In ISIS Attack",The Young Turks,Ugxf1be2HuhaTn0pSrV4AaABAg,Tyt is the greatest parody news channel in history.,root,user 21108,UCYus2v771C5KRP7x5qZKzHQ,2,2022-03-20,0.0,0.656,0.344,0.6369,0.042210445,0.037196655,0.00256368,0.069137171,0.5607871,0.02560061,0.05301704,neutral,positive,0.8630518,en,Tyt is the greatest parody news channel in history.,neutral,neutral,False,False
Video 67,yC85kgIaHfg,"U.S. Marines, Afghan Civilians Killed In ISIS Attack",The Young Turks,UgyDf2QxzgvFibMLUZd4AaABAg,Why did isis and the Taliban wait until Trump was out of office?,root,user 21108,UCYus2v771C5KRP7x5qZKzHQ,3,2022-03-20,0.0,1.0,0.0,0.0,0.016243009,0.005613116,0.037820704,0.95079869,0.7287261,0.02817036,0.15287435,neutral,neutral,0.004787874,en,Why did isis and the Taliban wait until Trump was out of office?,neutral,neutral,False,False
Video 67,yC85kgIaHfg,"U.S. Marines, Afghan Civilians Killed In ISIS Attack",The Young Turks,UgzOOygjDnnOLWDjnXp4AaABAg.9RX9uUDtkTR9RXA9EdqQCY,Your insurrection comment is better,UgzOOygjDnnOLWDjnXp4AaABAg,user 21108,UCYus2v771C5KRP7x5qZKzHQ,0,2022-03-20,0.0,0.58,0.42,0.4404,0.366855383,0.012229321,0.000988935,0.386844486,0.9520341,0.092238143,0.009577896,neutral,positive,0.1540621,en,Your insurrection comment is better,neutral,neutral,False,False
Video 67,yC85kgIaHfg,"U.S. Marines, Afghan Civilians Killed In ISIS Attack",The Young Turks,UgzipVow5kwKeXG6BQd4AaABAg.9RX9Ub3z_2k9RX9gu3Rk5o,I don't think that would be very effective. But not changing the withdraw date could have saved a lot of lives. But in the end would you rather save lives or would you rather blame Trump. I say blame Trump,UgzipVow5kwKeXG6BQd4AaABAg,user 21108,UCYus2v771C5KRP7x5qZKzHQ,0,2022-03-20,0.121,0.681,0.198,0.6119,0.199836239,0.04186906,0.010383718,0.647732377,0.36859998,0.142642662,0.015710576,anger,positive,0.009788687,en,I don't think that would be very effective. But not changing the withdraw date could have saved a lot of lives. But in the end would you rather save lives or would you rather blame Trump. I say blame Trump,negative,neutral,True,True
Video 67,yC85kgIaHfg,"U.S. Marines, Afghan Civilians Killed In ISIS Attack",The Young Turks,UgzipVow5kwKeXG6BQd4AaABAg.9RX9Ub3z_2k9RXBzds03rr,¬†@CNRMAX¬† see that's the spirit,UgzipVow5kwKeXG6BQd4AaABAg,user 21108,UCYus2v771C5KRP7x5qZKzHQ,0,2022-03-20,0.0,0.638,0.362,0.1779,0.606605351,0.002250534,0.001130431,0.087347046,0.74471724,0.086454719,0.15026887,neutral,positive,0.21959285,en,¬†@CNRMAX¬† see that's the spirit,neutral,neutral,False,False
Video 69,OV3wyVxqsDU,CNN & Trump Gaslight on ISIS Attack in Kabul,The Young Turks,UgwWFS6Xxi7d7uiog_h4AaABAg,Why did the Taliban and isis wait for years until Trump was out of office before they started attacking?,root,user 21108,UCYus2v771C5KRP7x5qZKzHQ,2,2022-03-20,0.143,0.857,0.0,-0.4588,0.019374045,0.008207868,0.10402883,0.959079802,0.5582814,0.017077703,0.14940949,neutral,negative,0.004468557,en,Why did the Taliban and isis wait for years until Trump was out of office before they started attacking?,neutral,neutral,False,False
Video 69,OV3wyVxqsDU,CNN & Trump Gaslight on ISIS Attack in Kabul,The Young Turks,UgwyuECUVAKapjkOy-p4AaABAg,Why doesn't tyt just blame trump. It's not like you have credibility to lose anyway,root,user 21108,UCYus2v771C5KRP7x5qZKzHQ,7,2022-03-20,0.255,0.637,0.108,-0.4164,0.046432424,0.054156817,0.01237374,0.915608346,0.6041797,0.032029159,0.022740468,neutral,negative,0.005930019,en,Why doesn't tyt just blame trump. It's not like you have credibility to lose anyway,neutral,neutral,False,False
Video 69,OV3wyVxqsDU,CNN & Trump Gaslight on ISIS Attack in Kabul,The Young Turks,UgwMW3b8Qoc5tl46_Cp4AaABAg.9RXHky_h3yn9RXJbJmU5gv,Literally defending Saddam Hussein rofl. Spoken like a true progressive,UgwMW3b8Qoc5tl46_Cp4AaABAg,user 21108,UCYus2v771C5KRP7x5qZKzHQ,0,2022-03-20,0.0,0.438,0.562,0.8402,0.290886968,0.15967925,0.022848822,0.50218153,0.663853,0.041494112,0.005620901,neutral,positive,0.16543742,no,Literally defending Saddam Hussein rofl. Spoken like a true progressive,neutral,neutral,False,False
Video 69,OV3wyVxqsDU,CNN & Trump Gaslight on ISIS Attack in Kabul,The Young Turks,UgwMW3b8Qoc5tl46_Cp4AaABAg.9RXHky_h3yn9RXNpLO4kfH,"¬†@Holden2aces¬† I'm a progressive, ""Ron"". I don't comprehend anything, I am simply told what to believe",UgwMW3b8Qoc5tl46_Cp4AaABAg,user 21108,UCYus2v771C5KRP7x5qZKzHQ,0,2022-03-20,0.0,1.0,0.0,0.0,0.41170451,0.073850796,0.009218521,0.319397897,0.79215133,0.198008552,0.06382542,neutral,neutral,0.07088901,en,"¬†@Holden2aces¬† I'm a progressive, ""Ron"". I don't comprehend anything, I am simply told what to believe",neutral,neutral,False,False
Video 69,OV3wyVxqsDU,CNN & Trump Gaslight on ISIS Attack in Kabul,The Young Turks,UgxG-yTMKvovItI5V5x4AaABAg,Why did the Taliban and ISIS wait until Trump was out of office?,root,user 21108,UCYus2v771C5KRP7x5qZKzHQ,7,2022-03-20,0.0,1.0,0.0,0.0,0.022978758,0.009593553,0.044097345,0.937130868,0.8133115,0.034062169,0.08372343,neutral,neutral,0.005828319,en,Why did the Taliban and ISIS wait until Trump was out of office?,neutral,neutral,False,False
Video 70,JLMaygSKxe8,Media Misleads on ISIS-K in Afghanistan,The Young Turks,UgxfV6Ki9rf9kwm12GJ4AaABAg,"Tyt: the media is misleading you.
Really???
Tyt: yes look at all these terrorist attacks we failed to report on because we were busy talking about orange man.",root,user 21108,UCYus2v771C5KRP7x5qZKzHQ,10,2022-03-20,0.352,0.573,0.074,-0.9034,0.01662307,0.032553617,0.007954195,0.932105243,0.017639069,0.045029551,0.85540944,surprise,negative,0.006242012,en,"Tyt: the media is misleading you.
Really???
Tyt: yes look at all these terrorist attacks we failed to report on because we were busy talking about orange man.",neutral,neutral,False,False
